Market,Perth Mint Spot,Perth Mint Spot,Perth Mint Spot,Perth Mint Spot,Perth Mint Spot,Perth Mint Spot,Perth Mint Spot,Perth Mint Spot,Perth Mint Spot,Perth Mint Spot,Perth Mint Spot,Perth Mint Spot,Perth Mint Spot,Perth Mint Spot,Perth Mint Spot,Perth Mint Spot,Perth Mint Spot,Perth Mint Spot,Lease Rates
Metal/Currency,Gold,Gold,Gold,Gold,Gold,Gold,Gold,Gold,Gold,Gold,Gold,Gold,Gold,Gold,Gold,Gold,Gold,Gold,6 Month
Priced In,USD,USD,AUD,AUD,JPY,JPY,USD,USD,AUD,AUD,JPY,JPY,USD,USD,AUD,AUD,JPY,JPY,Gold
Price Type,Bid,Ask,Bid,Ask,Bid,Ask,Bid,Ask,Bid,Ask,Bid,Ask,Bid,Ask,Bid,Ask,Bid,Ask,% pa
Summary,High,High,High,High,High,High,Low,Low,Low,Low,Low,Low,Average,Average,Average,Average,Average,Average,
"01/01/16",,,,,,,,,,,,,,,,,,,
"02/01/16",,,,,,,,,,,,,,,,,,,
"03/01/16",,,,,,,,,,,,,,,,,,,
"04/01/16",1068.46,1080.73,1480.07,1498.1,127638.3,129174.53,1056.24,1068.74,1447.1,1465.43,126692.68,128397.65,1061.56,1073.71,1466.96,1484.67,127019.56,128654.33,
"05/01/16",1074.19,1086.5,1492.14,1509.43,128243.36,129858.48,1069.4,1081.7,1487.24,1504.3,127451.09,129165.8,1072.13,1084.56,1489.07,1507.17,127952.02,129639.48,
"06/01/16",1080.35,1092.05,1522.91,1540.49,128032.28,129528.05,1071.15,1083.55,1496.99,1514.99,126642.06,128428.41,1075.24,1087.39,1510.21,1527.98,127505.12,129087.48,
"07/01/16",1098.5,1110.2,1560.37,1577.89,129513.15,131014.7,1088.4,1100.1,1538.35,1555.1,128306.16,129848.85,1092.88,1104.75,1550.27,1567.97,129008.11,130548.04,
"08/01/16",1105.3,1117.63,1576.6,1595.02,130053,131572.31,1096.26,1108.45,1553.78,1571.16,129654.67,131167.34,1100.06,1112.07,1562.45,1580.32,129829.86,131359.38,
"09/01/16",,,,,,,,,,,,,,,,,,,
"10/01/16",,,,,,,,,,,,,,,,,,,
"11/01/16",1102.9,1115.2,1586.98,1605.53,129367.5,130894.17,1097,1108.7,1567.81,1584.99,128423.65,130082.34,1100.51,1112.75,1578.93,1597.34,129038.25,130597,
"12/01/16",1094.65,1106.25,1576.17,1593.1,128511,130026.9,1090,1101.5,1557.38,1574.92,127851.39,129323.01,1092.06,1103.89,1566.84,1584.58,128250.32,129757.16,
"13/01/16",1082.65,1094.5,1550.86,1569.4,127797.84,129274.62,1076.01,1088.28,1527.34,1545.85,127225.56,128725.34,1080.06,1091.93,1538.09,1556.07,127500.83,129070.62,
"14/01/16",1090.76,1103.03,1575.5,1593.54,128089.93,129822.11,1084.55,1097.05,1555.8,1574.86,127722.89,129364.52,1088.2,1100.55,1566.65,1585.4,127912.49,129528.16,
"15/01/16",1080.1,1093.1,1557.91,1577.8,126939.64,128603.22,1072.86,1085.13,1533.1,1551.29,126603.87,128170.43,1075.87,1088.28,1545.07,1563.98,126786.12,128428.43,
"16/01/16",,,,,,,,,,,,,,,,,,,
"17/01/16",,,,,,,,,,,,,,,,,,,
"18/01/16",1088.5,1100.8,1584.72,1603.4,127556.46,129190.48,1083.95,1096.7,1570.36,1588.73,126562,128441.88,1086.59,1098.86,1576.46,1595.24,127258.75,128851.89,
"19/01/16",1088.74,1101.04,1584.82,1602.6,128286.23,129856.66,1082.16,1094.43,1566.93,1585.55,127153.8,128735.24,1084.79,1097,1575.22,1593.95,127526.03,129082.06,
"20/01/16",1091.3,1104.3,1592.91,1612.12,127579.45,129018.83,1083.54,1095.83,1566.71,1585.17,126776.32,128311.45,1087.22,1099.56,1579,1597.83,127292.49,128846.54,
"21/01/16",1100,1111.7,1596.52,1614.44,128577.86,130081.17,1093.76,1106.03,1573.53,1592.33,127967.98,129457.33,1096.7,1108.99,1586.65,1605.34,128269.17,129817.57,
"22/01/16",1097.31,1109.58,1566.47,1586.13,129206.49,130863.87,1091.07,1103.37,1552.9,1571.3,128775.72,130460.46,1094.51,1106.99,1560.68,1579.54,128992.21,130670.39,
"23/01/16",,,,,,,,,,,,,,,,,,,
"24/01/16",,,,,,,,,,,,,,,,,,,
"25/01/16",1100.6,1112.85,1576.69,1596.93,130357.11,131883.85,1093.01,1105.28,1559.44,1577.39,129630.99,131207.79,1097.1,1109.36,1567.29,1585.56,130041.31,131597.71,
"26/01/16",,,,,,,,,,,,,,,,,,,
"27/01/16",1117.5,1130.5,1594.73,1614.08,132026.65,133668.52,1112.46,1124.73,1580.65,1599.22,131459.4,133014.66,1115.29,1127.72,1587.34,1605.77,131815.42,133396.79,
"28/01/16",1121.35,1133.65,1595.77,1614.43,132891.19,134598.26,1113.25,1126,1571.28,1590.75,132058.52,133712.5,1116.01,1128.52,1584.07,1602.71,132414.49,134075.95,
"29/01/16",1111.42,1124.42,1568.27,1586.09,134012.61,135691.97,1107.1,1119.4,1556.4,1574.34,131600.18,133401.82,1109.59,1122.01,1561.49,1579.73,133231.41,134859.08,
"30/01/16",,,,,,,,,,,,,,,,,,,
"31/01/16",,,,,,,,,,,,,,,,,,,
"01/02/16",1118.78,1131.78,1582.88,1601.95,135529.01,137307.55,1113,1125.3,1573.97,1591.77,134862.21,136577.66,1116.19,1128.74,1579.14,1597.7,135232.65,136970.97,
"02/02/16",1124.87,1137.17,1590.75,1609.3,136019.28,137620.31,1121.16,1133.43,1580.66,1599.04,135190.32,136774.14,1122.37,1134.66,1584.56,1602.81,135454.21,137063.19,
"03/02/16",1124.61,1136.88,1601.37,1620.2,134559.59,136255.07,1121.56,1133.83,1590.47,1608.78,134143.78,135811.62,1123.05,1135.35,1597.2,1615.55,134371.01,136026.52,
"04/02/16",1141.7,1153.95,1589.16,1607.15,134409.18,135965.78,1135.5,1147.9,1581.38,1598.9,133735.88,135363.4,1137.52,1149.96,1584.66,1602.85,134089.08,135692.85,
"05/02/16",1152.16,1164.43,1604.43,1622.02,134618.88,136161.38,1150.88,1163.18,1598.63,1616.81,134215.63,135815.28,1151.4,1163.73,1601.11,1619.18,134386.96,135950.86,
"06/02/16",,,,,,,,,,,,,,,,,,,
"07/02/16",,,,,,,,,,,,,,,,,,,
"08/02/16",1167.65,1180.65,1644.35,1663.12,136509.96,138100.63,1160.61,1172.88,1631.71,1650.3,135826.67,137510.15,1162.29,1174.74,1638.1,1656.36,136183.69,137735.06,
"09/02/16",1189.5,1201.8,1691.67,1709.42,137097.86,138697.75,1181.59,1194.09,1670.09,1689.91,135979.07,137602.04,1187.24,1199.61,1685.48,1703.99,136592.48,138144.88,
"10/02/16",1188.21,1200.48,1687.8,1705.71,136362.21,137969.04,1177.67,1189.97,1653.57,1671.31,135373.17,136882.25,1185.81,1198.17,1677.35,1695.59,135909.85,137535.32,
"11/02/16",1214.3,1226.55,1730.27,1748.22,136542.58,138047.27,1192.91,1205.18,1678.97,1696.72,134963.38,136412.66,1204.69,1217.1,1697.17,1715.49,135646.18,137166.89,
"12/02/16",1242.96,1255.23,1751.3,1769.86,139770.85,141251.03,1228.85,1241.85,1725.55,1743.3,138209.21,139787.38,1234.35,1246.8,1737.14,1755.41,138686.05,140233.28,
"13/02/16",,,,,,,,,,,,,,,,,,,
"14/02/16",,,,,,,,,,,,,,,,,,,
"15/02/16",1228.2,1240.6,1724.52,1743.15,139226.97,140817.32,1204.02,1216.32,1683.94,1701.62,137089.72,138575.34,1216.09,1228.34,1702.64,1720.52,138215.98,139774.66,
"16/02/16",1208.85,1221.15,1687.87,1705.52,137946.21,139581.88,1186.8,1199.2,1655.69,1674.16,136209.04,137764.1,1194.95,1207.11,1668.02,1685.86,136878.97,138458.02,
"17/02/16",1205,1216.7,1697.66,1715.11,136972.35,138545.63,1192.5,1204.9,1676.74,1694.89,136304.71,137782.45,1199.43,1211.54,1687.81,1705.77,136641.48,138162.66,
"18/02/16",1204.7,1217.01,1686.24,1704.39,137294.53,138937.14,1198.49,1210.79,1673.17,1691.05,136364.19,137872.66,1203.15,1215.44,1680.95,1699.03,136955.52,138571.4,
"19/02/16",1227.6,1240,1723.83,1741.79,138937.17,140587.06,1217.06,1229.33,1713.2,1730.72,137539.95,138975.76,1222.39,1234.71,1717.69,1735.71,138061.13,139606.88,
"20/02/16",,,,,,,,,,,,,,,,,,,
"21/02/16",,,,,,,,,,,,,,,,,,,
"22/02/16",1221.61,1233.88,1711.18,1728.85,137799,139316.58,1198.71,1211.01,1667.42,1685.7,135634.04,137146.88,1211.2,1223.53,1688.52,1706.47,136640.62,138197.83,
"23/02/16",1217.6,1229.9,1685.49,1703.93,136647.58,138179.68,1204.6,1216.9,1664.96,1683.13,135699.34,137139.93,1212.71,1225.1,1676.98,1695,136118.9,137621.23,
"24/02/16",1227.67,1239.97,1707.73,1726.08,137351.72,138901.44,1221.2,1232.9,1695.6,1713.34,136581.45,138148.9,1223.31,1235.56,1701.35,1719.24,136830.62,138383.95,
"25/02/16",1236.2,1248.45,1721.92,1740.23,138631,140095.73,1220.3,1232.7,1695.8,1714.23,136734.62,138284.29,1229.97,1242.36,1713.82,1732.01,137946.6,139500.23,
"26/02/16",1234.61,1246.9,1710.22,1728.18,139243.69,140858.12,1226.4,1238.65,1698.14,1716.29,138386.98,140029.38,1232.09,1244.31,1703.02,1720.84,138961.51,140531.86,
"27/02/16",,,,,,,,,,,,,,,,,,,
"28/02/16",,,,,,,,,,,,,,,,,,,
"29/02/16",1227.95,1240.95,1719.58,1739,138615.32,140177.71,1214.26,1226.53,1704.46,1722.17,137903.51,139517.79,1221.6,1233.93,1713.12,1731.32,138297.76,139875.77,
"01/03/16",1242.8,1254.5,1745.26,1762.19,139818.04,141284.02,1234.31,1246.61,1721.32,1738.88,138514.27,140193.76,1238.11,1250.33,1734.05,1751.95,139281.68,140790.78,
"02/03/16",1227.8,1240.13,1708.84,1727.2,140183.62,141624.79,1221.9,1234.3,1688.67,1706.84,139147.77,140729.77,1224.05,1236.36,1694.57,1712.39,139559.79,141126.54,
"03/03/16",1237.8,1249.5,1695.61,1712.95,141208.22,142605.44,1233.76,1246.03,1687.77,1705.26,140120.7,141791.55,1235.45,1247.65,1690.97,1708.61,140625.99,142176.46,
"04/03/16",1267.56,1280.06,1718.73,1735.91,144083.55,145555.62,1254.21,1266.48,1704.43,1722.16,142196.6,143662.13,1258.32,1270.64,1708.82,1726.27,142923.53,144462.41,
"05/03/16",,,,,,,,,,,,,,,,,,,
"06/03/16",,,,,,,,,,,,,,,,,,,
"07/03/16",,,,,,,,,,,,,,,,,,,
"08/03/16",1270.9,1283.38,1711.88,1728.92,143484.61,144995.95,1262.02,1274.52,1698.55,1716.5,142502.94,144129.05,1266.1,1278.49,1704.64,1722.05,142969.38,144536.25,
"09/03/16",1260.26,1272.53,1694.81,1712.46,141817.06,143439.58,1250.14,1262.43,1676.44,1694.52,140655.41,142274.85,1253.45,1265.79,1685.17,1702.73,140986.04,142563.79,
"10/03/16",1251.2,1262.9,1674.97,1691.53,141635,143262.23,1241.3,1253.6,1658.22,1675.7,140869.53,142362.22,1244.86,1257.12,1664.37,1681.68,141311.88,142872.73,
"11/03/16",1277.2,1289.5,1708.63,1725.55,144310.83,145829.56,1259.6,1271.85,1681.71,1699.2,142763.8,144214,1268.25,1280.66,1694.56,1711.81,143733.33,145279.82,
"12/03/16",,,,,,,,,,,,,,,,,,,
"13/03/16",,,,,,,,,,,,,,,,,,,
"14/03/16",1251.11,1263.38,1662.32,1679.07,142393.32,144045.15,1248.3,1260.7,1645.37,1662.35,141969.16,143492.87,1249.83,1262.14,1651.07,1668.03,142193.87,143785.37,
"15/03/16",1231.31,1243.58,1646.94,1663.81,140080.12,141741.34,1222.46,1234.73,1632.01,1648.65,138482.43,140133.58,1226.23,1238.51,1636.61,1653.78,139178.52,140772.19,
"16/03/16",1230.16,1242.43,1649.89,1666.8,139487.84,141000.85,1226.55,1238.93,1641.39,1658.66,138698.14,140313.72,1227.93,1240.27,1645.77,1663,139191.98,140734.76,
"17/03/16",1257.01,1269.28,1662.49,1679.61,141866.15,143454.03,1251.36,1263.63,1644.35,1661.7,140148.61,141782.9,1254.28,1266.55,1653.33,1670.33,141175.01,142734.65,
"18/03/16",1261.9,1274.2,1646.37,1662.87,140180.88,141707.65,1253.3,1265.55,1637.61,1654.71,139329.36,140969.61,1257.27,1269.54,1643.42,1660.31,139779.79,141319.72,
"19/03/16",,,,,,,,,,,,,,,,,,,
"20/03/16",,,,,,,,,,,,,,,,,,,
"21/03/16",1250.25,1262.65,1648.32,1665.11,139259.78,140722.34,1238.06,1250.33,1625.47,1642.72,137882.74,139336.78,1244.63,1256.82,1639.51,1656.2,138603.41,140061.16,
"22/03/16",1255.2,1266.9,1657.71,1675.03,140180.74,141563.41,1238.7,1251.1,1633.93,1651.14,138808.72,140328.09,1245.9,1258.13,1641.99,1658.95,139326.47,140805.63,
"23/03/16",1244.2,1256.5,1632.81,1650.25,139524.59,141067.26,1230.8,1242.5,1614.39,1631.12,138158.42,139635.18,1235.58,1247.89,1620.28,1637.25,138729.24,140230.08,
"24/03/16",1218.31,1230.61,1620.85,1638.08,136957.43,138466.95,1210.8,1222.5,1612.26,1629.82,136578.24,137946.9,1214.12,1226.49,1617.21,1634.58,136789.17,138295.51,
"25/03/16",,,,,,,,,,,,,,,,,,,
"26/03/16",,,,,,,,,,,,,,,,,,,
"27/03/16",,,,,,,,,,,,,,,,,,,
"28/03/16",,,,,,,,,,,,,,,,,,,
"29/03/16",1218.25,1230.55,1614.4,1631.79,138186.1,139679.73,1212,1224.25,1605.42,1622.54,137753.65,139221.71,1214.55,1226.89,1610.53,1627.62,137919.55,139419.2,
"30/03/16",1238.1,1250.4,1619.7,1636.74,139174.82,140619.98,1231.81,1244.08,1608.34,1624.75,138356.9,139772.39,1234.87,1247.24,1614.88,1631.92,138741.35,140239.92,
"31/03/16",1230.6,1242.85,1604.43,1620.62,138233.3,139646.63,1221.31,1233.58,1594.19,1610.63,137274.12,138728.68,1224.79,1237.09,1599.38,1615.86,137625.29,139073.47,
"01/04/16",1229.6,1241.9,1603.24,1620.36,138047.19,139636.05,1225.9,1238.2,1596.49,1613.67,137458.07,138988.67,1227.8,1240.19,1599.87,1616.91,137769.6,139358.51,
"02/04/16",,,,,,,,,,,,,,,,,,,
"03/04/16",,,,,,,,,,,,,,,,,,,
"04/04/16",1217.4,1229.7,1594.09,1611.27,135770.54,137364.22,1211.3,1223.6,1585.88,1602.41,134982.4,136401.46,1213.57,1225.9,1588.99,1605.72,135253.54,136720.42,
"05/04/16",1228.36,1240.63,1629.94,1647.3,135642.41,137230.98,1213.75,1226.05,1599.35,1616.12,134696.81,136139.43,1221.41,1233.8,1610.46,1627.57,135211.68,136682.67,
"06/04/16",1227.3,1239.6,1626.77,1643.31,135579.83,137025.38,1220.4,1232.7,1615.67,1633.01,134658.94,136077.75,1224.48,1236.82,1621.26,1638.36,135139.69,136599.51,
"07/04/16",1225.85,1238.85,1617.22,1635.23,133968.12,135391.67,1220.11,1232.38,1601.68,1618.88,132869.88,134337.54,1222.15,1234.52,1607.51,1624.57,133430.95,134886.38,
"08/04/16",1235.06,1247.33,1643.68,1660.67,134056.78,135732.84,1227.3,1239.6,1625.28,1642.56,133432.06,134893.27,1231.88,1244.24,1634.42,1651.6,133893.08,135344.92,
"09/04/16",,,,,,,,,,,,,,,,,,,
"10/04/16",,,,,,,,,,,,,,,,,,,
"11/04/16",1249,1261.3,1656.06,1673.03,134677.06,136309.72,1240.4,1252.7,1639.66,1656.79,133970.27,135584.21,1244.87,1257.36,1648.24,1665.61,134344.94,135889.8,
"12/04/16",1256.46,1269.2,1647.88,1664.91,135986.67,137416.28,1249.6,1261.9,1635.6,1652.78,134962.5,136416.76,1252.44,1264.76,1641.26,1658.34,135451.47,136946.88,
"13/04/16",1251.71,1263.98,1629.49,1646.59,135912.96,137463.94,1238.4,1250.65,1615.66,1632.06,135196.13,136583.49,1246.79,1259.17,1622.47,1639.3,135706.59,137161.91,
"14/04/16",1238.6,1250.73,1614.86,1630.99,135208.43,136641.77,1225.7,1238,1601.25,1618.13,133754.93,135440.48,1230.47,1242.86,1607.74,1624.64,134523.85,135997.87,
"15/04/16",1226.9,1239.3,1592.72,1609.13,134431.43,135951.21,1221.1,1233.4,1582.72,1599.68,133715.4,135103.69,1224.38,1236.67,1588.53,1605.34,134062.62,135528.64,
"16/04/16",,,,,,,,,,,,,,,,,,,
"17/04/16",,,,,,,,,,,,,,,,,,,
"18/04/16",1234.4,1246.7,1614.18,1630.67,133471.45,134963.37,1226.97,1239.27,1598.81,1615.04,132365.52,133816.37,1231.22,1243.48,1605.98,1622.61,133000.06,134488.96,
"19/04/16",1239.26,1251.53,1592.18,1608.26,135203.27,136667.08,1223.96,1236.23,1574.43,1590.62,133526.16,134959.23,1229.72,1241.87,1580.34,1596.82,134044.43,135475.19,
"20/04/16",1251,1262.7,1605.91,1621.46,136296.45,137745.12,1242.41,1254.68,1589.66,1606.46,135149.36,136709.65,1245.86,1258.23,1598.93,1615.5,135687.66,137153.4,
"21/04/16",1254.6,1266.9,1606.81,1622.98,137604.53,139007.24,1239.6,1252,1589.84,1606.78,135996.52,137469.6,1247.2,1259.49,1597.64,1614.12,136780.86,138233.18,
"22/04/16",1245.8,1258.2,1607.8,1624.68,137637.54,139019.16,1240.8,1253.2,1599.88,1616.62,135708.37,137164.12,1243.58,1255.9,1603.39,1620.06,136517.45,137966.13,
"23/04/16",,,,,,,,,,,,,,,,,,,
"24/04/16",,,,,,,,,,,,,,,,,,,
"25/04/16",,,,,,,,,,,,,,,,,,,
"26/04/16",1235.5,1247.9,1600.39,1616.96,137301.12,138853.83,1228.1,1241.1,1589.81,1606.17,135987.51,137489.06,1232.1,1244.46,1595.96,1612.54,136662.2,138188.12,
"27/04/16",1242.8,1255.05,1635.69,1652.47,138311.21,139749.82,1238.4,1250.7,1597.94,1614.64,137570.81,139136.17,1240.93,1253.25,1614.49,1631.31,137854.67,139431.53,
"28/04/16",1252.96,1265.26,1641.5,1658.05,138442.29,140090.78,1234.81,1247.08,1626.89,1643.49,135203.06,136764.4,1243.15,1255.38,1634.41,1651.15,136716.41,138214.98,
"29/04/16",1273.27,1285.57,1663.97,1681.63,136412.69,137841.03,1261.9,1274.3,1654.08,1670.9,135888.65,137408.18,1268.98,1281.28,1659.52,1676.42,136212.75,137658.9,
"30/04/16",,,,,,,,,,,,,,,,,,,
"01/05/16",,,,,,,,,,,,,,,,,,,
"02/05/16",1296.61,1308.88,1699.36,1715.89,137985.24,139382.63,1287.9,1300.2,1691.13,1707.72,137004.05,138552.92,1289.99,1302.37,1694.57,1711.58,137228.2,138723.62,
"03/05/16",1294.4,1306.35,1704.89,1722.11,136980.41,138337.86,1285.76,1298.03,1672.36,1690.02,136366.32,137715.71,1289.91,1302.16,1687.06,1703.81,136732.08,138131.98,
"04/05/16",1281.91,1294.18,1709.74,1726.77,136861.51,138277.51,1273.01,1285.28,1701.51,1719.18,135919.28,137319.32,1277.99,1290.2,1705.22,1722.23,136645.59,138047.44,
"05/05/16",1277.3,1290.3,1711.51,1729.12,136743.46,138224.72,1271.9,1284.9,1699.95,1717.55,136437.79,137880.64,1275.16,1287.66,1703.28,1720.71,136607.22,138052.66,
"06/05/16",1277.2,1289.45,1731.33,1749.12,136553.97,138079.02,1272.01,1284.28,1702.44,1719.35,136181.96,137658.79,1273.83,1286.16,1718.12,1735.66,136409.73,137890.97,
"07/05/16",,,,,,,,,,,,,,,,,,,
"08/05/16",,,,,,,,,,,,,,,,,,,
"09/05/16",1282.63,1294.7,1738.82,1755.94,137651.85,139206.14,1271.66,1283.93,1729.21,1746.37,137148.53,138523.21,1278.73,1291,1735.36,1752.63,137385.75,138871.73,
"10/05/16",1262.48,1275.05,1722.08,1740.05,137661.43,139165.93,1256.36,1268.63,1710.35,1727.24,136201.99,137773.22,1260.2,1272.6,1717.54,1735.29,136995.97,138552.25,
"11/05/16",1268.46,1280.73,1726.07,1743.97,138034.17,139488.14,1261.11,1273.38,1709.25,1727.02,137599.71,139032.26,1265.88,1278.25,1719.92,1737.51,137725.04,139167.32,
"12/05/16",1273.8,1286.1,1731.92,1750.58,138144.33,139647.25,1264.46,1276.73,1722.46,1739.89,137565.32,139102.7,1269.09,1281.42,1728.3,1746.04,137838.28,139359.19,
"13/05/16",1271,1283.3,1743.77,1761.15,138158.95,139674.37,1261.91,1274.18,1725.1,1742.83,137312.34,138752.96,1266.14,1278.47,1734.56,1752.32,137675.73,139208.6,
"14/05/16",,,,,,,,,,,,,,,,,,,
"15/05/16",,,,,,,,,,,,,,,,,,,
"16/05/16",1278.18,1290.48,1753.89,1771.95,139037.42,140494.56,1269,1281.3,1743.37,1760.75,137965.68,139507.94,1273.94,1286.24,1748.06,1765.92,138528.67,140074.24,
"17/05/16",1275.3,1287.7,1745.61,1763.7,138920.5,140450.31,1266.61,1278.88,1726.8,1744.72,138386.48,140006.71,1271.52,1283.84,1732.43,1750.27,138737.98,140298.54,
"18/05/16",1273.83,1286.13,1747.2,1764.52,138920.63,140493.56,1266.21,1278.48,1739.99,1757.81,138405.76,139933.2,1270.38,1282.69,1743.23,1760.97,138701.88,140240.07,
"19/05/16",1256.91,1269.18,1739.98,1758.18,138310.38,139914.4,1248.21,1260.48,1730.88,1748.86,137363.6,138888.67,1252.7,1264.98,1735.94,1754.06,137831.3,139413.15,
"20/05/16",1252.86,1265.13,1731.16,1749.31,138127.82,139657.7,1249.8,1262.2,1725.64,1743.82,137440.51,139006.09,1251.09,1263.43,1728.6,1746.52,137671.12,139248.34,
"21/05/16",,,,,,,,,,,,,,,,,,,
"22/05/16",,,,,,,,,,,,,,,,,,,
"23/05/16",1250.46,1262.73,1728.59,1746.03,137340.55,138900.25,1246.06,1258.33,1720.72,1738.87,136451.32,137930.56,1248.83,1261.2,1724.64,1742.6,137062.6,138621.05,
"24/05/16",1244.38,1256.68,1730.17,1748.67,136035.62,137606.46,1238.41,1250.68,1721.29,1738.71,135543.97,137064.4,1241.61,1253.94,1725.26,1743.32,135786.1,137321.32,
"25/05/16",1224.16,1236.43,1705.35,1723.45,134779.42,136205,1216.64,1228.94,1689.31,1707.34,134000.73,135441.48,1221.69,1233.99,1697.37,1715.3,134422.95,135882.17,
"26/05/16",1227.3,1240.05,1708.38,1726.46,134570.57,136070.69,1221.41,1233.68,1696.8,1715.28,134116.24,135575.45,1225.06,1237.55,1701.42,1719.58,134427.01,135893.58,
"27/05/16",1218.06,1230.34,1687.27,1704.78,133570.27,134968.3,1208.1,1220.4,1672.81,1691.24,132770.19,134256.2,1214.63,1226.79,1680.68,1698.61,133254.24,134719.68,
"28/05/16",,,,,,,,,,,,,,,,,,,
"29/05/16",,,,,,,,,,,,,,,,,,,
"30/05/16",1202.65,1214.35,1677.13,1694.77,133433.04,134960.12,1196.75,1208.45,1670.48,1688.41,132575.97,134065.44,1199.39,1211.38,1673.07,1690.73,133041.08,134569.58,
"31/05/16",1209.1,1221.4,1677.83,1695.78,134416.62,135990.68,1206.76,1218.5,1667.49,1685.11,133757.87,135275.81,1207.66,1219.81,1670.61,1688.23,134077.65,135607.56,
"01/06/16",1215.1,1227.4,1676.05,1693.36,134402.21,135860.91,1208.64,1220.94,1661.36,1678.5,132660.2,134193.67,1212.19,1224.56,1667.7,1685.61,133626.15,135094.44,
"02/06/16",1211.4,1223.7,1675.58,1693.74,132250.2,133640.28,1207.26,1219.53,1666.57,1683.97,131871.75,133330.61,1209.81,1221.99,1670.67,1688.38,132057.04,133479.5,
"03/06/16",1207.8,1220.2,1668.69,1686.76,131301.12,132871.2,1203.8,1216.2,1663.63,1681.93,131016.88,132558.56,1206.14,1218.48,1666.43,1684.55,131201.17,132719.5,
"04/06/16",,,,,,,,,,,,,,,,,,,
"05/06/16",,,,,,,,,,,,,,,,,,,
"06/06/16",,,,,,,,,,,,,,,,,,,
"07/06/16",1240.86,1253.15,1683.27,1701,133549.63,135121.02,1237.03,1249.33,1662.67,1679.66,133077.48,134658.13,1239.41,1251.72,1675.27,1692.88,133376.86,134931.75,
"08/06/16",1248.36,1260.63,1676.47,1694.29,133580.58,135017.51,1239.8,1252.08,1663.49,1680.9,132629.11,134006.51,1244.13,1256.39,1669.66,1687,133116.4,134545.24,
"09/06/16",1259.4,1272.4,1686.47,1705.1,134389.49,135840.43,1254.26,1266.53,1675.73,1693.26,133242.37,134775.32,1257.2,1269.57,1683.06,1700.48,133971.76,135390.1,
"10/06/16",1264.71,1276.98,1707.22,1724.48,135260.42,136682.14,1261.6,1273.85,1701.12,1718.25,134865.04,136228.33,1262.7,1275.07,1703.81,1721.15,135054.43,136496.93,
"11/06/16",,,,,,,,,,,,,,,,,,,
"12/06/16",,,,,,,,,,,,,,,,,,,
"13/06/16",1280.16,1292.43,1730.65,1747.71,135684.16,137063.21,1268.66,1280.96,1719.69,1737.77,134589.34,136017.61,1274.7,1286.99,1724.88,1742.37,135254.94,136657.77,
"14/06/16",1278.5,1290.8,1737.69,1754.88,135869.41,137250.91,1273.9,1286.2,1721.54,1739.46,134746.75,136157.13,1276.17,1288.52,1728.76,1746.33,135169.87,136575.9,
"15/06/16",1281.75,1293.5,1744.82,1763.26,136202.19,137524.92,1276.9,1289.88,1726.12,1743.91,135501.79,136931.25,1279.53,1291.84,1735.75,1753.35,135859.29,137272.36,
"16/06/16",1308.6,1320.5,1777.99,1795.87,136852.7,138141.53,1290.11,1302.38,1739.87,1757.6,135166.12,136501.68,1299.31,1311.51,1758.92,1776.36,135849.42,137254.49,
"17/06/16",1280.46,1292.73,1733.66,1751.83,133877.57,135268.55,1275.7,1288.1,1724.05,1741.62,133089.46,134458.72,1278.56,1290.87,1730.42,1748.02,133431.27,134836.49,
"18/06/16",,,,,,,,,,,,,,,,,,,
"19/06/16",,,,,,,,,,,,,,,,,,,
"20/06/16",1284.76,1297.03,1728.22,1745.43,134334.51,135708.25,1276.5,1288.8,1713.19,1730.63,133560.2,134937.36,1280.66,1292.86,1719.78,1737.1,133940.81,135332.52,
"21/06/16",1287.9,1300.2,1725.02,1742.19,133642.08,135040.4,1277.83,1290.38,1704.15,1721.2,133183.16,134819.34,1282,1294.42,1714.34,1731.76,133436.42,134923.19,
"22/06/16",1265.26,1277.53,1697.3,1714.93,132207.16,133758.71,1259.06,1271.33,1686.62,1703.39,131534,133095.54,1263.21,1275.37,1691.88,1709.05,131948.15,133453.25,
"23/06/16",1265.9,1278.15,1679.78,1696.63,132172.62,133771.18,1257.6,1269.3,1670.12,1686.78,131469.5,132984.56,1261.14,1273.09,1674.9,1691.67,131813.05,133285.16,
"24/06/16",1336.2,1348.3,1816.97,1834.42,135035.9,136841,1261.41,1273.68,1670.52,1687.66,130695.78,132378.38,1301.23,1313.38,1757.38,1775.03,133461.44,135048.21,
"25/06/16",,,,,,,,,,,,,,,,,,,
"26/06/16",,,,,,,,,,,,,,,,,,,
"27/06/16",1329.95,1342.45,1792.57,1810.16,135704.22,137346.06,1320.26,1332.3,1775.2,1792.52,134175.7,135864.76,1323.76,1336,1784.34,1802.08,134774.63,136403.92,
"28/06/16",1321.4,1333.8,1796.57,1816.05,134563.1,136035.65,1304.33,1317.33,1761.66,1779.45,133459.05,134828.73,1313.94,1326.19,1778.49,1796.28,133988.35,135380.58,
"29/06/16",1317.4,1330.2,1780.81,1797.85,135001.41,136309.83,1310.1,1322.4,1767.48,1783.69,134302.08,135761.65,1315.11,1327.08,1774.76,1791.74,134654.53,136077.96,
"30/06/16",1314.66,1326.93,1767.36,1784.38,135002.44,136434.94,1309.93,1322.63,1756.63,1773.83,134411.92,135886.83,1311.64,1323.9,1762.9,1780.21,134674.41,136098.99,
"01/07/16",1331.2,1343.5,1783.26,1800.94,136700.93,138246.15,1317.3,1329.6,1767.95,1784.94,135572.76,136941.16,1325.67,1337.98,1776.89,1794.29,136251.4,137655.96,
"02/07/16",,,,,,,,,,,,,,,,,,,
"03/07/16",,,,,,,,,,,,,,,,,,,
"04/07/16",1349.51,1361.78,1799.35,1816.19,138446.23,139895.66,1336.66,1348.93,1785.88,1803.65,137007.65,138508.13,1343.78,1355.92,1791.71,1808.78,137914.48,139360.94,
"05/07/16",1347.81,1360.08,1791.35,1808.62,137880.96,139231.39,1336.31,1348.58,1779.14,1797.39,136209.61,137542.01,1340.87,1353.19,1784.87,1802.2,136772.18,138136.26,
"06/07/16",1366.6,1378.3,1839.37,1857.32,137878.09,139121.07,1358.81,1371.08,1823.69,1840.6,137302.3,138574.28,1363.39,1375.49,1833.66,1850.79,137592.68,138911.52,
"07/07/16",1364.56,1376.83,1824.63,1843.02,137797.34,139119.44,1362.11,1374.38,1808.19,1825.69,137189.05,138534.27,1363.19,1375.52,1814.42,1831.78,137550.8,138895.24,
"08/07/16",1355.61,1367.88,1806.86,1824.45,136753.94,138046.45,1350.8,1362.5,1797.92,1815.5,135836.45,137067.5,1353.3,1365.45,1803.42,1820.49,136223.32,137534.25,
"09/07/16",,,,,,,,,,,,,,,,,,,
"10/07/16",,,,,,,,,,,,,,,,,,,
"11/07/16",1366,1378.4,1810.47,1828.12,138580.45,139944.46,1353.8,1365.5,1790.84,1808.25,137052.7,138532.35,1360.99,1373.24,1801.06,1818.32,137610.89,139032.41,
"12/07/16",1353.2,1364.9,1791.33,1808.08,139834.18,141365.48,1348.72,1361.02,1766.5,1783.07,138414.98,139826.27,1351.06,1363.23,1781.32,1798.18,139185.18,140654.34,
"13/07/16",1338.9,1351.2,1762.87,1780.24,139687.87,141024.74,1326.2,1337.9,1743.39,1760.63,138319.79,139842.21,1333.35,1345.31,1753.91,1770.56,139005.84,140454.91,
"14/07/16",1342.2,1354.5,1766.75,1783.64,140330.82,141748.01,1321.5,1333.75,1730.2,1747.35,139360.38,140841.26,1332.65,1344.96,1747.69,1764.65,139656.82,141155.53,
"15/07/16",1330.46,1342.73,1745.09,1762.34,140718.69,142219.79,1322.7,1335,1727.47,1744.65,139753.27,141392.41,1327.08,1339.37,1737.45,1754.5,140280.13,141803.7,
"16/07/16",,,,,,,,,,,,,,,,,,,
"17/07/16",,,,,,,,,,,,,,,,,,,
"18/07/16",1328.73,1340.98,1750.4,1767.42,140165.62,141513.62,1321.61,1333.91,1738.96,1756.3,139587.68,140934.63,1324.5,1336.63,1743.59,1760.46,139770.07,141161.44,
"19/07/16",1329.31,1341.58,1772.65,1790.21,140912.88,142364.81,1323,1335.3,1749.95,1767.15,139854.33,141261.39,1325.63,1337.72,1760.86,1777.8,140370.26,141810.82,
"20/07/16",1328.4,1340.94,1771.53,1789.11,140845.01,142298.21,1321.6,1333.9,1762.6,1780.19,140605.02,142060.35,1325.6,1337.82,1768.28,1785.25,140709.77,142184.79,
"21/07/16",1318.31,1330.58,1756.11,1772.92,140701.61,142195.03,1307.36,1319.63,1748.59,1766.18,139187.17,140575.78,1312.19,1324.19,1752.84,1769.48,140283.77,141737.79,
"22/07/16",1328.81,1341.1,1773.75,1789.81,140483.45,142011.38,1319.23,1330.91,1764.32,1780.4,139750.67,141186.4,1324.65,1336.5,1769.23,1785.94,140133.56,141582.62,
"23/07/16",,,,,,,,,,,,,,,,,,,
"24/07/16",,,,,,,,,,,,,,,,,,,
"25/07/16",1319.06,1330.79,1763.92,1780.8,140110.55,141609.36,1310.5,1322.2,1750.37,1766.94,139226.02,140721.75,1313.08,1325.15,1756.25,1773.35,139615.89,141119,
"26/07/16",1317.91,1330.18,1764.74,1782.37,138518.68,140004.49,1311.22,1322.85,1745.02,1762.47,136950.92,138460.17,1314.51,1326.54,1753.29,1770.3,137603.48,139078.75,
"27/07/16",1315.6,1327.85,1757.63,1775.26,139283.84,140850.69,1312.76,1324.86,1744.9,1762.37,137748.92,139216.29,1314.28,1326.57,1752.78,1770.11,138444.23,139967.63,
"28/07/16",1338.3,1350.55,1778.53,1794.45,140326.28,141617.26,1333.3,1345.6,1771.36,1788.41,139745.65,141069.78,1335.47,1347.63,1773.98,1791.02,139945.19,141332.77,
"29/07/16",1338.13,1349.9,1774.38,1791.3,139558.11,141167.26,1326.86,1339.13,1766.98,1784.25,137363.53,138941.68,1332.15,1344.25,1770.94,1787.98,138416.05,139931.51,
"30/07/16",,,,,,,,,,,,,,,,,,,
"31/07/16",,,,,,,,,,,,,,,,,,,
"01/08/16",1346.25,1357.95,1773.86,1789.99,137925.28,139301.18,1342.86,1354.66,1766.92,1783.25,137320.72,138651.53,1344.56,1356.5,1770.45,1786.94,137609.11,139023.92,
"02/08/16",1355.3,1368.3,1792.86,1809.87,138015.36,139529.44,1342.99,1355.34,1780.92,1798.49,137535.84,139027.77,1348.61,1360.74,1787.72,1804.68,137801.13,139258.65,
"03/08/16",1360.96,1372.75,1794.13,1809.96,137621.55,139061.87,1358.16,1370.43,1784.71,1801.71,137109.64,138538.92,1359.7,1371.83,1790.03,1806.73,137394.41,138808.84,
"04/08/16",1354.36,1366.04,1782.88,1799.75,136995.01,138401.88,1346,1358.7,1767.1,1784.08,136282.61,137731.42,1349.03,1361.16,1772.04,1788.7,136565.87,137991.58,
"05/08/16",1359.85,1371.55,1777.35,1793.81,137420.84,138802.53,1356.01,1367.98,1772.51,1788.83,136945.34,138331.74,1358.14,1369.91,1774.72,1790.91,137252.35,138645.22,
"06/08/16",,,,,,,,,,,,,,,,,,,
"07/08/16",,,,,,,,,,,,,,,,,,,
"08/08/16",1333.37,1345.87,1751.56,1768.59,136013.06,137469.91,1326.81,1339.08,1737.34,1754.36,135584.52,136949.76,1330.76,1342.88,1746.61,1763.48,135803.71,137242.38,
"09/08/16",1332.26,1344.17,1742.47,1759.27,136290.2,137717.63,1327.36,1339.02,1736.47,1752.22,135870.62,137289.72,1329.49,1341.55,1738.69,1755.26,136039.5,137437.83,
"10/08/16",1350.6,1362.29,1754.94,1771.47,136776.25,138251.12,1337.6,1349.9,1743.38,1759.04,135961.64,137334.23,1346.07,1358.25,1748.4,1765.02,136445.64,137866.54,
"11/08/16",1343.21,1355.48,1741.79,1757.43,135944.85,137268.61,1338.2,1349.98,1734.09,1750.71,135472.98,136783.7,1339.97,1352.16,1738.09,1754.68,135674.81,137020.96,
"12/08/16",1335.96,1348.23,1737.95,1755.05,136363.65,137848.53,1332.5,1344.8,1733.52,1750.78,135773.82,137292,1334.17,1346.43,1735.64,1752.48,136096.26,137528.04,
"13/08/16",,,,,,,,,,,,,,,,,,,
"14/08/16",,,,,,,,,,,,,,,,,,,
"15/08/16",1337.57,1349.16,1747.02,1762.55,135291.4,136663.12,1333.17,1344.86,1737.54,1754.44,134698.23,136166.11,1335.03,1347.03,1742.5,1759.11,135047.64,136464.94,
"16/08/16",1345.99,1357.65,1748.38,1765.09,135371.93,136836.1,1337.21,1349.22,1741.16,1757.4,134594.44,136074.63,1341.27,1353.26,1744.79,1761.35,134932.32,136355.59,
"17/08/16",1342.9,1355.2,1750.44,1767.61,135001.06,136456.52,1337.41,1349.71,1742.33,1759.95,134585.44,135953.66,1340.48,1352.63,1745.04,1762.11,134795.5,136262.66,
"18/08/16",1351.23,1362.95,1760.02,1776.53,134950.5,136435.95,1345.53,1357.21,1747.44,1763.07,134400.14,135786.97,1348.58,1360.63,1751.91,1768.47,134667.32,136082.83,
"19/08/16",1347.02,1358.66,1767.25,1783.27,134769.35,136205.67,1342.25,1354.55,1750.47,1767.62,134399.49,135834.27,1343.62,1355.64,1758.05,1774.66,134585.55,136008.4,
"20/08/16",,,,,,,,,,,,,,,,,,,
"21/08/16",,,,,,,,,,,,,,,,,,,
"22/08/16",1333.86,1345.52,1752.8,1769.26,134066.27,135493.86,1328.3,1340.23,1745.9,1763.43,133834.33,135240.03,1330.3,1342.24,1750.58,1767.2,133902.64,135315.68,
"23/08/16",1336.7,1348.4,1748.01,1764.46,133724.59,135131.58,1331.7,1344,1744.89,1761.12,133560.1,134843.71,1334.32,1346.27,1746.63,1762.94,133629.27,134996.61,
"24/08/16",1334.8,1347.3,1753.85,1772.01,133873.51,135244.4,1332.13,1344.2,1749.64,1766.49,133532.71,134944.24,1333.16,1345.26,1751.8,1768.36,133703.06,135106.52,
"25/08/16",1322.69,1334.81,1734.14,1751.12,132824.53,134215.15,1319.9,1331.65,1731,1747.8,132489.4,133830.83,1321.57,1333.71,1732.66,1749.41,132661.22,134076.33,
"26/08/16",1321.31,1333.01,1730.83,1746.86,132665.02,134040.95,1318.26,1329.91,1727.05,1743.42,132419.22,133745.88,1319.85,1331.89,1728.79,1745.33,132535.97,133924.32,
"27/08/16",,,,,,,,,,,,,,,,,,,
"28/08/16",,,,,,,,,,,,,,,,,,,
"29/08/16",1315.76,1328.03,1745.75,1762.26,134466.9,135924.41,1312.06,1324.11,1738.1,1755.5,133707.31,135151.91,1313.68,1326,1740.71,1757.85,134139.36,135606.8,
"30/08/16",1319.6,1332,1745.55,1761.51,134753.78,136162.2,1316.68,1328.69,1741.66,1758.77,134388.06,135760.57,1318.39,1330.48,1743.17,1759.9,134627.58,136028.47,
"31/08/16",1310.96,1323.23,1742.51,1759.22,135177.77,136489.41,1307.26,1318.83,1738.5,1755.55,134540.59,135934.06,1309.38,1321.41,1740.75,1757.54,134866.86,136283.4,
"01/09/16",1306.78,1318.55,1734.93,1751.93,134781.15,136244.5,1303.6,1315.3,1727.85,1744.89,134495.59,135896.8,1305.06,1317.2,1731.16,1748.11,134684.24,136115.72,
"02/09/16",1310.1,1322.4,1734.88,1752.06,135397.7,136764.1,1307.18,1319.48,1731.23,1748.39,135162.89,136537.8,1308.71,1321.1,1733.13,1750.33,135247.41,136677.1,
"03/09/16",,,,,,,,,,,,,,,,,,,
"04/09/16",,,,,,,,,,,,,,,,,,,
"05/09/16",1322.11,1334.65,1743.03,1759.52,136993,138463.52,1318.6,1330.9,1736.89,1752.97,136546.02,138019.72,1320.54,1332.64,1738.88,1755.55,136756.56,138224.63,
"06/09/16",1325.09,1337.1,1741.35,1758.44,137031.48,138508.64,1320.8,1333.1,1730.4,1747.84,136777.52,138206.58,1322.6,1334.73,1734.99,1751.73,136921.35,138363.35,
"07/09/16",1347.8,1360.2,1755.42,1771.84,136620.22,138065.5,1344.51,1356.18,1749.53,1765.17,136360.2,137747.2,1346.43,1358.39,1753.95,1770.25,136547.35,137961.92,
"08/09/16",1344.61,1356.3,1749.49,1766.41,136515.95,137961.12,1341.19,1353.49,1739.47,1755.05,136265.66,137726.77,1342.44,1354.64,1745.33,1762.1,136399.68,137854.65,
"09/09/16",1334.51,1346.78,1748.28,1764.78,136226.47,137664.12,1331.2,1343.38,1741.72,1757.85,135843.66,137306.87,1333.2,1345.24,1744.78,1761.38,136084.73,137532.67,
"10/09/16",,,,,,,,,,,,,,,,,,,
"11/09/16",,,,,,,,,,,,,,,,,,,
"12/09/16",1325.8,1337.5,1763.56,1780.13,135854.38,137283.25,1321.5,1333.64,1752.42,1769.46,135251.92,136584.67,1324.04,1336.12,1757.39,1774.33,135619.33,137050.55,
"13/09/16",1327.05,1340.05,1761.73,1777.76,135004.25,136424.2,1324.4,1336.12,1751.16,1767.5,134453.09,135781.99,1325.29,1337.42,1756.34,1773.03,134748.88,136173.18,
"14/09/16",1318.5,1330.23,1762.94,1779.71,136016.23,137471.9,1312.8,1324.86,1756.28,1773.9,134813.96,136326.45,1315.95,1328.09,1759.33,1776.42,135455.57,136899.18,
"15/09/16",1321.06,1333.33,1772.5,1789.7,135058.31,136521.58,1315.43,1327.1,1759.94,1776.08,134591.15,135981.14,1318.1,1330.15,1765.67,1782.75,134730.76,136199.74,
"16/09/16",1313.87,1325.59,1749.73,1765.57,133778.24,135177.18,1309.44,1321.16,1742.35,1758.58,133355.41,134859.34,1310.82,1322.75,1744.49,1761.25,133615.58,135039.34,
"17/09/16",,,,,,,,,,,,,,,,,,,
"18/09/16",,,,,,,,,,,,,,,,,,,
"19/09/16",1312.94,1325.44,1743.21,1759.82,133935.08,135275.24,1306.5,1318.8,1737.93,1754.63,133461.06,134786.22,1310.7,1322.71,1740.3,1757,133739.95,135066.62,
"20/09/16",1312.03,1323.9,1739.04,1756.53,133693.15,135116.15,1309.9,1321.7,1736.83,1753.2,133334.49,134704.81,1311.03,1322.98,1737.89,1754.71,133455.29,134898.54,
"21/09/16",1315.71,1328,1739.81,1756.72,134838.52,136178.49,1306.3,1318.6,1730.66,1747.42,133046.94,134611.08,1312.78,1324.86,1734.89,1751.73,133730.19,135178.78,
"22/09/16",1330.15,1341.9,1741.91,1757.95,133917.01,135207.58,1328.11,1340.38,1733.31,1749.55,133119.55,134391.47,1329.21,1341.16,1739.6,1755.76,133345.17,134629.44,
"23/09/16",1333.1,1344.83,1746.27,1763.34,134664.71,136204.27,1330.4,1342.14,1740.31,1756.68,134127.68,135529.81,1331.43,1343.32,1743.38,1759.69,134464.87,135841.99,
"24/09/16",,,,,,,,,,,,,,,,,,,
"25/09/16",,,,,,,,,,,,,,,,,,,
"26/09/16",,,,,,,,,,,,,,,,,,,
"27/09/16",1334.46,1347.21,1750.34,1765.95,134211.47,135728.57,1329.97,1341.63,1733.39,1749.54,133579.45,134941.08,1331.92,1343.95,1739.69,1756.3,133936.14,135358.77,
"28/09/16",1322.86,1335.13,1725.39,1742.31,133046.73,134307.34,1318.61,1330.88,1716.9,1732.75,132616.72,133926.89,1320.91,1332.72,1720.91,1737.06,132837.42,134144.89,
"29/09/16",1321.26,1333.48,1718.66,1735.73,134039.85,135317.78,1316.95,1329.11,1714.07,1730.19,133128.62,134402.81,1319.13,1331.21,1716.6,1732.92,133641.22,134957.63,
"30/09/16",1322.39,1334.18,1736.61,1753.65,133754.7,135089.12,1318,1329.7,1726.94,1743.33,133009.44,134251.11,1319.42,1331.39,1730.31,1746.88,133414.78,134730.94,
"01/10/16",,,,,,,,,,,,,,,,,,,
"02/10/16",,,,,,,,,,,,,,,,,,,
"03/10/16",1314.86,1326.51,1718.32,1733.77,133287.36,134635.82,1309.8,1322.1,1707.68,1724.7,132695.84,134147.99,1311.58,1323.7,1712.46,1729.04,132931.89,134324.9,
"04/10/16",1307.85,1320.15,1704.85,1721.56,133645.64,134984.57,1303.6,1315.7,1700.39,1716.85,133060.66,134536.49,1306.11,1318.27,1702.16,1718.92,133439.99,134805.57,
"05/10/16",1269.92,1281.58,1665.81,1682.16,130581.78,131886.49,1265.41,1277.68,1658.77,1675.31,130078.45,131372.61,1267.73,1279.78,1662.53,1678.97,130328.79,131647.36,
"06/10/16",1264.98,1276.68,1663.71,1679.51,130803.21,132169.5,1258.93,1271.9,1657.89,1674.65,130404.54,131751.2,1261.54,1273.58,1659.91,1676.5,130568.3,131929.43,
"07/10/16",1252.98,1265.98,1652.57,1670.16,129932.69,131361.62,1248.27,1259.92,1647.66,1663.48,129610.73,130913.02,1250.83,1262.81,1650.94,1667.49,129801.36,131139.8,
"08/10/16",,,,,,,,,,,,,,,,,,,
"09/10/16",,,,,,,,,,,,,,,,,,,
"10/10/16",1259.62,1271.28,1656.85,1674.59,129753.46,131056.26,1254.3,1266.6,1652.35,1669.27,129217.99,130581.02,1257.21,1269.31,1654.68,1671.39,129403.09,130726.1,
"11/10/16",1257.07,1268.71,1662.27,1678.77,130472.56,131782.39,1251.9,1264.3,1648.76,1666.18,130003.84,131252.22,1254.54,1266.66,1657,1673.59,130246.58,131577.32,
"12/10/16",1253.5,1265.2,1656.16,1673.51,129697.88,131043.86,1249.1,1260.8,1648.35,1665.29,129185.02,130554.02,1251.61,1263.54,1652.14,1668.79,129496.94,130872.9,
"13/10/16",1256.67,1268.75,1670.06,1685.86,130449.87,131779.49,1250.55,1262.85,1656.58,1673.09,130132.77,131383.81,1254.57,1266.6,1666.15,1682.8,130308.57,131653,
"14/10/16",1253.71,1265.98,1657.11,1674.38,130437.56,131884.35,1250.76,1263.03,1643.92,1661.65,129846.74,131231.49,1252.14,1264.33,1650.69,1667.53,130134.24,131531.64,
"15/10/16",,,,,,,,,,,,,,,,,,,
"16/10/16",,,,,,,,,,,,,,,,,,,
"17/10/16",1251.71,1263.42,1646.67,1663.46,130400.02,131702.15,1247.01,1259.28,1641.02,1658.26,129876.09,131225.56,1249.77,1261.84,1644.5,1661.04,130154.64,131500.31,
"18/10/16",1257.71,1269.98,1640.58,1657.27,130892.3,132223.63,1251.5,1263.2,1632.75,1649.21,129822.03,131140,1254.13,1266.28,1636.13,1652.56,130281.89,131607.59,
"19/10/16",1259.73,1271.5,1642.78,1659.61,130767.38,132108.85,1256.82,1268.48,1637.56,1653.77,130105.4,131479.78,1258.28,1270.3,1639.92,1656.39,130479.76,131856.7,
"20/10/16",1268.44,1280.74,1652.92,1669.18,131443.32,132723.09,1264.75,1276.44,1636.94,1652.45,130748.62,132121.79,1266.57,1278.53,1647.55,1663.83,131175.91,132505.06,
"21/10/16",1262.24,1273.93,1654.13,1670.01,131386.56,132628.85,1257.81,1269.83,1646.78,1663.04,130743,132068.08,1259.57,1271.51,1649.77,1666.08,131005.26,132355.83,
"22/10/16",,,,,,,,,,,,,,,,,,,
"23/10/16",,,,,,,,,,,,,,,,,,,
"24/10/16",1262.31,1274.58,1659.93,1676.73,131128.76,132428.86,1258.65,1270.95,1651.54,1667.26,130760.78,132136.84,1260.94,1272.98,1655.02,1671.44,130961.59,132295.78,
"25/10/16",1265.05,1277.35,1658.16,1675.2,132121.82,133457.53,1258.66,1270.31,1653.9,1670.46,131323.01,132658.47,1261.74,1273.8,1655.81,1672.38,131688.99,133042.49,
"26/10/16",1271.58,1283.58,1660.12,1676.74,132585.56,133983.09,1269.64,1281.98,1649.72,1666.21,132100.63,133428.48,1270.74,1282.8,1652.69,1669.02,132387.53,133743.38,
"27/10/16",1264.6,1277.6,1660.65,1676.2,132366.98,133688.06,1261.85,1273.82,1650.53,1666.47,131763.24,133063.24,1262.97,1274.98,1654.78,1671.05,131978.5,133313.21,
"28/10/16",1267.37,1279.59,1669.52,1686.58,133315.17,134725.03,1262.3,1273.94,1665.23,1681.81,132756.09,134094.92,1265.52,1277.57,1667.06,1683.68,133090.55,134536.49,
"29/10/16",,,,,,,,,,,,,,,,,,,
"30/10/16",,,,,,,,,,,,,,,,,,,
"31/10/16",1275.01,1287.28,1677.42,1694.68,133425.64,134935.5,1269.14,1281.78,1667.07,1684.59,133183.55,134574.08,1272.46,1284.62,1672.28,1689.23,133322.01,134743.22,
"01/11/16",1276.06,1288.05,1673.5,1690.48,134037.34,135350.15,1272.37,1284.03,1662.17,1678.07,133238.96,134614.23,1273.63,1285.77,1667.13,1683.73,133525.95,134904.05,
"02/11/16",1293.18,1304.83,1692.64,1708.75,133921.72,135297.82,1284,1295.62,1678.87,1695.17,133303.86,134683.03,1287.72,1299.64,1686.59,1703.03,133605.34,134938.85,
"03/11/16",1301.96,1313.62,1698.68,1714.51,133790.42,135142.47,1289.15,1301.45,1682.27,1699.43,132614.86,133932.22,1296.24,1308.3,1690.81,1707.2,133317.95,134627.87,
"04/11/16",1299.2,1310.95,1689.59,1706.3,133948.76,135204.59,1292.7,1304.37,1684.17,1699.84,133324.03,134634.15,1295.85,1307.88,1687.44,1703.73,133564.59,134905.06,
"05/11/16",,,,,,,,,,,,,,,,,,,
"06/11/16",,,,,,,,,,,,,,,,,,,
"07/11/16",1289.82,1301.38,1680.33,1696.27,134279.21,135773.97,1280.96,1293.23,1666.83,1683.24,133881.01,135233.06,1286.08,1298.01,1674.78,1691,134103.93,135458.82,
"08/11/16",1281,1292.7,1663.03,1678.67,133780.88,135074.22,1277.31,1289.19,1655.4,1671.86,133368.95,134763.7,1279.28,1291.14,1660.15,1676.33,133553.03,134912.79,
"09/11/16",1332,1343.9,1753.55,1770.62,134798.4,136148.85,1267.26,1279.53,1632.44,1649.3,133075.05,134393.47,1303.9,1315.99,1701.28,1717.97,133812.07,135201.08,
"10/11/16",1285.25,1297.55,1674.37,1689.81,135966.6,137319.72,1271.84,1283.54,1660.6,1676.75,134440.92,135876.47,1279.8,1291.55,1668.14,1684.29,135052.45,136414.81,
"11/11/16",1260,1272.4,1658.77,1677.3,134281.28,135930.49,1249.8,1262.1,1647.67,1664.14,133151.12,134471.16,1254.76,1266.87,1651.52,1668.18,133745.58,135136.81,
"12/11/16",,,,,,,,,,,,,,,,,,,
"13/11/16",,,,,,,,,,,,,,,,,,,
"14/11/16",1224.05,1235.74,1623.84,1640.44,131295.18,132651.3,1210,1221.7,1603.71,1619.43,129924.34,131330.21,1215.23,1227.34,1610.38,1627.17,130531.63,131925.17,
"15/11/16",1224.9,1236.62,1621.04,1636.87,132194.56,133740.5,1219.38,1231.08,1609.85,1627.55,131811.43,133217.01,1221.71,1233.53,1615.35,1631.83,132011.2,133408.17,
"16/11/16",1228.38,1240.03,1627.17,1645.14,133936.02,135483.14,1222.25,1234.39,1618.45,1635.14,133274.14,134674.88,1224.99,1236.97,1623.53,1640.1,133640.72,135032.55,
"17/11/16",1225.46,1237.15,1639.13,1655.82,133641.71,135108.25,1221.05,1232.91,1630.22,1646.85,132754,134115.08,1222.86,1234.86,1635.09,1652.26,133259.23,134736.89,
"18/11/16",1212.96,1225.23,1636.41,1652.82,133692.45,135081.61,1201.84,1213.54,1626.17,1642.42,132857.34,134197.85,1206.41,1218.36,1631.24,1648.14,133215.38,134644.67,
"19/11/16",,,,,,,,,,,,,,,,,,,
"20/11/16",,,,,,,,,,,,,,,,,,,
"21/11/16",1211.91,1217.85,1651.42,1660,134528.99,135236.61,1203.05,1208.85,1643.06,1652.11,133514.49,134266.97,1209.43,1215.05,1648.87,1657.42,134130.17,134892.71,
"22/11/16",1217.8,1223.6,1647.01,1655.92,134618.78,135479.73,1211.41,1217.18,1640.12,1649.12,134103.09,134830.35,1215.18,1220.87,1643.91,1652.52,134415.98,135184.09,
"23/11/16",1211.96,1217.6,1634.38,1643.28,134539.68,135288.21,1209.41,1214.64,1626.86,1634.78,134220.32,134897.92,1210.72,1216.3,1630.98,1639.37,134381.39,135088.2,
"24/11/16",1185.51,1190.74,1609,1617.19,133862.98,134690.46,1180.7,1185.89,1600.62,1608.65,132864.17,133566.79,1182.79,1188.23,1603.44,1611.7,133317.99,134047.68,
"25/11/16",1189.06,1194.29,1595.17,1603.91,134138.28,134862,1169.82,1175.1,1577.42,1586.05,133195.71,133843.89,1178.2,1183.6,1585.06,1593.22,133618.76,134329.17,
"26/11/16",,,,,,,,,,,,,,,,,,,
"27/11/16",,,,,,,,,,,,,,,,,,,
"28/11/16",1193.9,1199.12,1601.24,1609.22,133827.03,134518.07,1189.1,1195,1589.33,1596.79,133055.33,133739.82,1190.77,1196.21,1593.76,1601.68,133246.9,133939.19,
"29/11/16",1191.76,1197.53,1591.77,1599.12,133537.07,134177.33,1187,1192.54,1587.16,1595.88,132979.87,133772.52,1189.32,1194.82,1589.35,1597.72,133212.35,133960.57,
"30/11/16",1191.51,1197.28,1591.23,1599.79,133870.61,134647.37,1183.49,1189.99,1583.61,1592.68,133088.48,133875.24,1187.43,1192.94,1587.14,1595.45,133590.28,134320.73,
"01/12/16",1173.88,1179.75,1584.16,1592.5,134053.92,134768.79,1164.56,1170.23,1575.43,1582.89,133214.02,133988.54,1168.93,1174.36,1578.96,1587.25,133474.04,134212.27,
"02/12/16",1173.95,1179.15,1582.4,1590.23,133631.44,134323.73,1169.46,1175.23,1575.68,1583.87,133199.2,133952.4,1171.65,1177.19,1579.05,1587.58,133406.76,134185.34,
"03/12/16",,,,,,,,,,,,,,,,,,,
"04/12/16",,,,,,,,,,,,,,,,,,,
"05/12/16",1178.31,1184.08,1584.69,1593.43,133830.18,134525.07,1162.61,1167.79,1561.6,1568.77,132584.04,133209.81,1173.18,1178.65,1576.33,1584.55,133256.7,133993.33,
"06/12/16",1171.71,1177.48,1571.71,1580.3,133108.71,133995.52,1167.76,1172.93,1560.98,1569.99,132828.18,133500.84,1169.59,1175.06,1567.16,1575.59,132984.49,133748.68,
"07/12/16",1167.38,1172.98,1570.94,1579.21,133260.37,134018.73,1164,1170,1559.93,1568.96,132922.13,133762.17,1166.09,1171.69,1567.88,1576.46,133045.91,133834.28,
"08/12/16",1175.54,1181.26,1568.1,1577,133400.02,134154.89,1171.36,1177.13,1563.27,1571.33,132994.58,133718.78,1173.73,1179.24,1566.02,1574.45,133185.2,133943.9,
"09/12/16",1167.4,1172.66,1565.19,1572.98,133540.73,134264.66,1163.22,1168.37,1560.2,1568.26,132911.46,133768.99,1165.55,1170.93,1561.57,1569.98,133264.08,134032.51,
"10/12/16",,,,,,,,,,,,,,,,,,,
"11/12/16",,,,,,,,,,,,,,,,,,,
"12/12/16",1157.43,1162.57,1551.93,1561.25,133621.73,134329.16,1149.91,1155.68,1541.64,1551.42,132947.79,133678.46,1153.87,1159.51,1547.68,1556.29,133279.8,134079.91,
"13/12/16",1161.93,1167.04,1549.86,1557.09,133628.12,134352.65,1156.19,1161.37,1545.09,1552.84,133290.07,134010.97,1159.36,1164.82,1547.2,1555.21,133462.28,134215.64,
"14/12/16",1160.2,1165.39,1546.99,1555.06,133436.58,134283.66,1156.06,1161.54,1542.06,1550.2,133050.95,133784.51,1157.95,1163.54,1545.1,1553.33,133283.79,134046.12,
"15/12/16",1141.08,1146.61,1540.29,1548.15,133964.3,134801.63,1132.41,1138.16,1531.32,1539.32,133397.9,134075.25,1138.12,1143.44,1534.85,1542.86,133707.22,134448.1,
"16/12/16",1131.76,1136.91,1540.02,1548.34,133718.16,134600.91,1124.95,1130.52,1527.22,1536.03,132995.61,133698.72,1127.88,1133.44,1532.44,1540.73,133274.38,134036.2,
"17/12/16",,,,,,,,,,,,,,,,,,,
"18/12/16",,,,,,,,,,,,,,,,,,,
"19/12/16",1138.51,1144.33,1560.89,1568.65,133536.78,134266.41,1133.28,1138.4,1552.94,1561.59,133151.28,133959.3,1136.07,1141.62,1556.38,1564.72,133412.87,134164.06,
"20/12/16",1136.66,1142.43,1566.73,1574.9,133460.2,134103.76,1131.1,1136.9,1559.06,1566.8,132842.39,133565.46,1134.36,1139.93,1563.48,1571.84,133170.34,133919.94,
"21/12/16",1134.42,1139.61,1562.78,1570.83,133260.32,133999.32,1128.62,1133.74,1552.74,1560.08,133027.11,133685.8,1132.06,1137.44,1559.41,1567.57,133113.85,133867.32,
"22/12/16",1129.86,1135.05,1562.95,1571.87,132845.2,133543.37,1126.17,1131.42,1555.79,1565.04,132447.8,133190.76,1128.49,1134.02,1558.54,1567.16,132628.42,133400.34,
"23/12/16",1129.01,1135.13,1567.02,1576.13,132539,133300.63,1125.83,1131.01,1558.03,1566.69,132195,132980.49,1127.93,1133.48,1563.53,1572.19,132410.28,133162.58,
"24/12/16",,,,,,,,,,,,,,,,,,,
"25/12/16",,,,,,,,,,,,,,,,,,,
"26/12/16",,,,,,,,,,,,,,,,,,,
"27/12/16",,,,,,,,,,,,,,,,,,,
"28/12/16",1141.77,1146.94,1582.49,1590.79,134066.63,134952.16,1137.02,1142.24,1579.66,1588.07,133508.89,134224.62,1139.08,1144.47,1580.8,1589.58,133840.27,134636.77,
"29/12/16",1147.2,1153.33,1592.47,1601.19,133864.48,134543.17,1139.88,1145.05,1585.37,1594.78,133285.54,134088.94,1144.99,1150.7,1589.78,1598.69,133503.21,134294.45,
"30/12/16",1159.96,1165.73,1601.02,1610.38,135276.29,136076.34,1156.01,1161.16,1597.47,1605.88,134555.89,135277.83,1157.55,1163.22,1599.72,1608.63,134923.31,135735.57,
"31/12/16",,,,,,,,,,,,,,,,,,,
"01/01/17",,,,,,,,,,,,,,,,,,,
"02/01/17",,,,,,,,,,,,,,,,,,,
"03/01/17",1156.16,1161.32,1600.24,1609.36,135674.33,136441.19,1147.56,1152.81,1591.99,1600.43,134620.26,135493.21,1151.76,1157.25,1596.01,1604.76,135346.51,136123.06,
"04/01/17",1160.36,1166.86,1601.88,1609.27,136858.96,137524.86,1154.66,1159.86,1595.47,1604.38,135615.4,136547.3,1157.14,1162.6,1598.53,1606.96,136428.78,137195.92,
"05/01/17",1174.56,1180.33,1607.72,1615.92,136486.31,137264.18,1161.2,1166.38,1595.05,1602.39,135898.05,136627.61,1170.32,1175.75,1603.76,1612.33,136207.17,136999.98,
"06/01/17",1177.44,1182.6,1604.84,1613.37,136267.37,137044.47,1171.89,1177.06,1600.42,1608.23,135794.16,136590.3,1175,1180.47,1602.85,1611.49,136051.32,136836.51,
"07/01/17",,,,,,,,,,,,,,,,,,,
"08/01/17",,,,,,,,,,,,,,,,,,,
"09/01/17",1175.78,1180.97,1606.04,1613.35,137672.08,138392.73,1170.4,1175.58,1599.93,1608.3,137172.11,137906.9,1172.23,1177.81,1602.09,1610.23,137475.21,138192.23,
"10/01/17",1183.78,1188.94,1606.41,1613.85,136825.48,137588.08,1178.8,1184.04,1602.44,1610.06,136443.71,137114.59,1181.61,1186.84,1603.69,1611.48,136640.13,137358.51,
"11/01/17",1188.4,1193.56,1608.84,1616.47,137652.37,138464.9,1183.6,1188.78,1605.18,1612.93,137120.06,137755.83,1185.46,1190.87,1607.17,1614.98,137378.18,138077.01,
"12/01/17",1200.88,1207.38,1603.03,1611.34,137151.6,137999.26,1190.36,1195.78,1598.23,1606.41,136822.99,137555.04,1195.07,1200.63,1601.11,1609.33,137021.75,137842.32,
"13/01/17",1193.78,1199.2,1593.56,1602.17,136989.15,137760.43,1189.06,1194.48,1587.95,1596.55,136751.71,137536.66,1191.44,1197.03,1591.15,1599.33,136875.16,137634.56,
"14/01/17",,,,,,,,,,,,,,,,,,,
"15/01/17",,,,,,,,,,,,,,,,,,,
"16/01/17",1203.01,1208.58,1608.25,1616.83,137175.4,137991.75,1198.36,1204.15,1598.24,1607.68,136808.98,137626.06,1200.36,1206.14,1603.97,1612.5,136983.1,137781.21,
"17/01/17",1210.62,1215.77,1609.29,1618.15,137169.4,138066.18,1200.6,1206.4,1604.33,1612.77,136873,137625.16,1205.35,1210.9,1606.99,1614.97,137044.02,137778.38,
"18/01/17",1213.46,1218.93,1607.5,1615.23,137070.83,137823.12,1208.37,1213.54,1601.27,1609.04,136720.54,137422.17,1211.06,1216.42,1604.07,1611.94,136927.03,137644.09,
"19/01/17",1201.64,1206.8,1602.16,1609.5,137878.15,138540.64,1196.12,1201.27,1589.53,1596.8,137263.46,137973.37,1199.32,1204.71,1595.5,1603.27,137521.2,138216.41,
"20/01/17",1205.38,1210.95,1592.94,1601.27,138239.8,139035.54,1199.61,1205.38,1588.36,1596.09,137835.19,138582.54,1203.53,1209.01,1590.28,1598.16,138099.5,138825.77,
"21/01/17",,,,,,,,,,,,,,,,,,,
"22/01/17",,,,,,,,,,,,,,,,,,,
"23/01/17",1215.46,1220.66,1605.63,1613.55,138099.69,138848.52,1209.46,1214.63,1600.44,1608.64,137297.9,138054.85,1213.21,1218.65,1602.55,1610.74,137773.16,138522.55,
"24/01/17",1215.7,1221.6,1602.3,1611.55,137212.03,137957.44,1210.6,1215.87,1597.4,1606.17,136705.47,137501.53,1213.33,1219.01,1600.51,1609.05,136993.16,137777.07,
"25/01/17",1206.95,1212.3,1598.93,1606.66,137333.39,138173.57,1199.02,1204.13,1587.82,1595.39,136232.65,136861.42,1203.72,1209.22,1593.78,1601.95,136765.3,137531.32,
"26/01/17",,,,,,,,,,,,,,,,,,,
"27/01/17",1185.9,1191.7,1573.65,1582.39,135936.81,136705.1,1179.75,1184.9,1566.63,1574.2,135589.32,136405.69,1182.53,1188.06,1569.16,1577.58,135765.95,136547.32,
"28/01/17",,,,,,,,,,,,,,,,,,,
"29/01/17",,,,,,,,,,,,,,,,,,,
"30/01/17",1192.54,1197.76,1577.75,1586.07,136580.17,137433.44,1187.12,1192.27,1573.18,1580.63,136075.57,136832.27,1190.43,1195.97,1576.08,1584.25,136306.86,137084.25,
"31/01/17",1199.41,1205.18,1585.05,1593.83,136096.83,136862.38,1191.96,1197.14,1577.08,1584.15,135633.13,136270.45,1196.24,1201.74,1581.75,1589.92,135874.8,136618.35,
"01/02/17",1209.3,1215.05,1598.74,1606,137025.78,137786.67,1204.56,1210.33,1590.95,1599.67,136242.59,136941.72,1207.12,1212.69,1594.75,1602.98,136515.41,137252.82,
"02/02/17",1214.22,1219.9,1591.85,1600.3,136887.3,137582.27,1207.26,1213.03,1583.41,1590.58,136490.02,137172.78,1211.26,1216.75,1586.52,1594.51,136701.13,137446.65,
"03/02/17",1213.03,1218.18,1585.04,1592.18,137021.78,137817.83,1209.21,1214.98,1579.92,1589.26,136379.16,137138.53,1211.06,1216.61,1582.2,1590.33,136713.11,137458.98,
"04/02/17",,,,,,,,,,,,,,,,,,,
"05/02/17",,,,,,,,,,,,,,,,,,,
"06/02/17",1222.38,1227.53,1594.42,1602.38,137525.16,138227.97,1217.62,1222.81,1586.68,1593.65,137136.27,137837.9,1220.55,1225.91,1592.3,1600.06,137314.91,138018.5,
"07/02/17",1232.3,1238.1,1612.54,1621.19,137710.83,138462.05,1227.8,1232.96,1601.41,1610.28,137405.55,138122.57,1230.09,1235.61,1607.59,1615.46,137579.17,138292.88,
"08/02/17",1234.7,1239.95,1615.89,1622.97,138397.52,139023.19,1228.82,1234.02,1609.67,1618.72,137935.05,138739.86,1230.88,1236.5,1612.45,1620.86,138102.42,138885.19,
"09/02/17",1240.01,1245.35,1625.82,1633.56,139215.92,139865.26,1236.4,1242.08,1620.05,1627.26,138430.31,139130.23,1237.86,1243.45,1622.89,1631.18,138812.6,139555.41,
"10/02/17",1224.4,1230.2,1605.56,1614.01,138933.99,139729.09,1219.26,1225.03,1594.01,1601.97,138556.71,139273.66,1221.84,1227.42,1599.09,1607.28,138795.34,139559.76,
"11/02/17",,,,,,,,,,,,,,,,,,,
"12/02/17",,,,,,,,,,,,,,,,,,,
"13/02/17",1229.2,1234.95,1601.77,1609.54,139930.53,140653.81,1225.52,1230.68,1598.85,1606,139460.34,140137.53,1227.53,1233.05,1600.25,1608.27,139690.47,140425.32,
"14/02/17",1227.29,1232.53,1600.68,1607.59,139161.44,139855.19,1222.62,1227.83,1593.53,1602.33,138939.95,139630.19,1224.78,1230.1,1596.38,1604.05,139020.74,139716.56,
"15/02/17",1226.3,1232.2,1598.41,1607.15,140178.35,140976,1222.23,1228.1,1592.27,1600.01,139726.14,140474.7,1223.54,1229.18,1594.5,1602.61,139907.16,140641.31,
"16/02/17",1232.81,1238.87,1599.17,1607.67,140515.68,141297.5,1229.94,1235.17,1593.51,1600.79,140104.74,140885.58,1231.52,1236.97,1596.33,1604.57,140323.78,141112.92,
"17/02/17",1235.84,1241.4,1607.56,1614.89,140119.31,140880.67,1234.1,1239.85,1601.28,1609.6,139811.35,140467.62,1235.19,1240.8,1604.24,1612.4,139976.31,140724,
"18/02/17",,,,,,,,,,,,,,,,,,,
"19/02/17",,,,,,,,,,,,,,,,,,,
"20/02/17",1233.3,1239.2,1608.16,1616.7,139704.16,140398.08,1229.9,1236.15,1601.64,1609.63,139076.34,139797.89,1231.94,1237.42,1605.15,1613.24,139262.15,139999.32,
"21/02/17",1234.62,1239.93,1607.03,1614.97,139839.14,140591.74,1229.91,1235.68,1602.7,1611.28,139610.38,140348.07,1231.7,1237.24,1604.79,1612.9,139741.13,140478.77,
"22/02/17",1234.86,1239.98,1606.04,1614.27,140144.7,140875.32,1232.05,1237.24,1600.9,1608.06,139689.83,140340.13,1233.29,1238.75,1603.93,1611.72,139937.6,140653.17,
"23/02/17",1235.26,1240.53,1608.39,1617.63,139880.84,140636.55,1233.3,1239.1,1602.54,1610.22,139600.46,140316.35,1234.18,1239.78,1605,1613.07,139690.17,140469.39,
"24/02/17",1252.13,1258.63,1622.14,1630.98,141027.4,141809.84,1245.25,1250.97,1615.22,1622.94,140445.55,141149.23,1247.63,1253.46,1617.67,1625.97,140687.56,141440.65,
"25/02/17",,,,,,,,,,,,,,,,,,,
"26/02/17",,,,,,,,,,,,,,,,,,,
"27/02/17",1255.86,1260.96,1636.51,1644.02,142276.38,142942.43,1251.45,1256.66,1626.32,1634.15,140400.18,141191.19,1253.77,1259.23,1630.59,1638.3,140699.82,141405.17,
"28/02/17",1251.32,1256.8,1630.18,1637.76,140957.59,141737.05,1248.45,1254.95,1625.8,1634.22,140263.36,141026.75,1250.26,1256.03,1627.66,1635.82,140690.25,141431.96,
"01/03/17",1245.78,1251,1627.5,1636.15,141223.66,141913.57,1239.91,1245.4,1617.79,1625.54,140323.02,141050.89,1241.94,1247.48,1620.13,1627.97,140632.78,141370.14,
"02/03/17",1245.41,1251.18,1626.89,1635.14,142043.09,142726.2,1241.91,1247.5,1621.85,1629.23,141667.94,142374.49,1243.59,1249.21,1623.82,1631.83,141796.93,142549.51,
"03/03/17",1232.4,1237.56,1628.48,1636.82,141011.21,141700.62,1224.27,1229.42,1618.98,1626.86,139860.6,140596.47,1229.54,1235.13,1626.18,1634.31,140384.16,141132.76,
"04/03/17",,,,,,,,,,,,,,,,,,,
"05/03/17",,,,,,,,,,,,,,,,,,,
"06/03/17",1234.01,1239.78,1625.77,1634.06,140428.4,141226.96,1228.67,1235.17,1620.51,1628.29,139773.5,140599.08,1231.23,1236.8,1623.52,1631.65,140071.85,140859.49,
"07/03/17",1223.9,1229.2,1613.37,1621.4,139426.69,140143.76,1221.96,1227.18,1603.38,1612.69,139136.09,139907.27,1222.84,1228.43,1608.41,1616.49,139280.17,140028.47,
"08/03/17",1215.2,1221.1,1600.21,1608.87,138288.51,139031.87,1210.5,1216.25,1597.2,1605.21,137822.45,138640.34,1213.64,1219.21,1598.87,1606.86,138098.11,138847.05,
"09/03/17",1205.5,1211.3,1602.69,1610.65,138032.7,138838.86,1201.65,1206.8,1597.87,1606.92,137582.06,138294.35,1203.64,1209.17,1600.97,1608.9,137776.1,138538.54,
"10/03/17",1197.9,1203.9,1596.77,1605.41,137941.82,138662.84,1193.4,1199.15,1586.34,1594.4,137677.32,138405.89,1195.68,1201.33,1590.47,1598.5,137773.92,138529.18,
"11/03/17",,,,,,,,,,,,,,,,,,,
"12/03/17",,,,,,,,,,,,,,,,,,,
"13/03/17",1208.21,1213.98,1595.41,1603.49,138336.14,139085.69,1202.1,1207.24,1589.91,1597.66,137928.95,138742.69,1204.4,1209.9,1592.57,1600.5,138129.64,138921.82,
"14/03/17",1201.61,1207.38,1590.17,1597.7,138181.58,138852.63,1198.61,1204.25,1585.31,1592.81,137757.28,138510.15,1200.3,1205.83,1587.78,1595.61,137895.76,138631.68,
"15/03/17",1201.28,1207.28,1585.07,1593.14,137754.46,138595.78,1196.11,1201.88,1582.16,1590.21,137122.05,137867.65,1199.34,1205.08,1583.55,1591.61,137573.31,138324.14,
"16/03/17",1224.12,1229.22,1591.68,1599.37,138673.59,139324.15,1216.41,1222.18,1579.34,1587.04,137955.36,138680.76,1221.36,1226.82,1587.74,1595.32,138402.5,139114.11,
"17/03/17",1225.31,1230.55,1595.07,1603.4,138870.77,139671.04,1222.52,1227.67,1591.39,1598.97,138645.99,139291.44,1224.01,1229.55,1593.68,1601.44,138745.04,139472.68,
"18/03/17",,,,,,,,,,,,,,,,,,,
"19/03/17",,,,,,,,,,,,,,,,,,,
"20/03/17",1231.75,1237.68,1594.65,1602.94,138744.32,139391.52,1227.5,1233.3,1590.71,1599.07,138319.07,138944.87,1230.35,1235.92,1593.75,1601.58,138513.55,139225.6,
"21/03/17",1232.4,1238.2,1594.1,1602.43,138602.14,139353.76,1225.48,1230.62,1587.83,1595.36,138043.1,138712.54,1227.76,1233.37,1590.84,1598.79,138272.69,138996.7,
"22/03/17",1245.07,1250.45,1628.55,1636.5,138787.95,139492.99,1242.36,1247.46,1617.89,1625.89,138447.98,139162.58,1243.28,1248.62,1621.81,1629.47,138649.47,139362.39,
"23/03/17",1245.8,1251.55,1631.06,1639.23,138651.53,139305.19,1242.5,1248.3,1621.08,1628.95,138242.12,139027.53,1243.84,1249.46,1624.13,1632.12,138425.02,139161.6,
"24/03/17",1243.11,1248.3,1629.81,1637.72,138158.74,138910.69,1239.39,1245.48,1624.85,1633.3,137858.03,138565.64,1240.82,1246.72,1627.48,1635.89,138010.74,138775.1,
"25/03/17",,,,,,,,,,,,,,,,,,,
"26/03/17",,,,,,,,,,,,,,,,,,,
"27/03/17",1255.9,1261.65,1647.3,1655.93,138372.28,139133.87,1241.3,1247.05,1628.15,1636.12,138166.26,138783.65,1253.1,1258.54,1642.47,1650.42,138289.58,139008.66,
"28/03/17",1251.66,1257.77,1644.72,1653.14,138458.63,139217.24,1249,1254.8,1638.72,1646.53,138276.79,138994.2,1250.95,1256.61,1642.02,1649.97,138377.61,139094.49,
"29/03/17",1250.51,1255.67,1634.63,1642.39,138744.08,139458.9,1244.7,1250.5,1628.12,1636.14,138452.82,139225.47,1246.95,1252.61,1630.48,1638.46,138575.72,139306.27,
"30/03/17",1250.6,1255.82,1631.36,1638.6,138911.8,139695.6,1245.9,1251.7,1625.78,1634.19,138491.1,139294.96,1247.84,1253.58,1628.11,1636.24,138724.57,139463.37,
"31/03/17",1241,1246.63,1623.5,1631.06,138986.06,139625.63,1238.15,1243.33,1619.03,1626.6,138579.24,139317.88,1239.83,1245.19,1620.77,1628.43,138722.32,139427.4,
"01/04/17",,,,,,,,,,,,,,,,,,,
"02/04/17",,,,,,,,,,,,,,,,,,,
"03/04/17",1246.11,1251.76,1638.54,1646.13,138715.86,139444.42,1243.3,1248.57,1631.19,1639.08,138421.97,139151.73,1245.1,1250.61,1634.87,1642.85,138577.42,139313.16,
"04/04/17",1256.1,1261.85,1661.07,1669.78,138765.81,139455.28,1252.01,1257.26,1646.08,1653.64,138393.47,139133.87,1253.79,1259.34,1652.68,1660.63,138582.28,139312.79,
"05/04/17",1254.05,1259.17,1655.45,1663.51,138823.88,139551.35,1251.15,1257.54,1652.24,1659.24,138483.72,139203.52,1252.5,1258.18,1654,1661.81,138641.84,139360.22,
"06/04/17",1255.51,1261.28,1662.88,1671.38,138532.97,139320.99,1250.76,1256.53,1655.47,1662.91,138140.54,138819.77,1252.23,1257.74,1658.52,1666.5,138319.05,139030.31,
"07/04/17",1265.94,1271.14,1683.43,1691.25,139548.37,140349.39,1248.64,1253.84,1655.66,1663.8,138390,139098.54,1259.96,1265.56,1673.51,1681.7,139157.75,139907.2,
"08/04/17",,,,,,,,,,,,,,,,,,,
"09/04/17",,,,,,,,,,,,,,,,,,,
"10/04/17",1252.11,1257.88,1671.55,1679.97,139421.22,140142.93,1250.3,1255.57,1665.96,1674.35,139192.04,139848.73,1250.95,1256.68,1669.45,1677.79,139262.53,140014.36,
"11/04/17",1254.81,1260.58,1671.91,1680.02,138772.77,139500.22,1251.6,1257.4,1666.8,1674.75,138566.32,139345.07,1253.46,1259.14,1669.87,1678.16,138658.05,139419.26,
"12/04/17",1276.8,1282.02,1702.63,1710.73,139618.08,140317.09,1269.93,1276.43,1693.01,1702.13,139118.36,139919.08,1272.95,1278.6,1697.83,1706.06,139373.97,140107.16,
"13/04/17",1284.8,1290.6,1704.23,1712.75,139946.43,140687.72,1281.21,1286.98,1688.84,1696.71,139566.23,140259.58,1283.43,1289.13,1695.3,1703.62,139735.24,140472.16,
"14/04/17",1283.75,1289.75,1696.43,1704.59,139806.68,140537.52,1283.69,1289.69,1695.61,1704.44,139736.19,140479.57,1283.72,1289.72,1696.02,1704.52,139771.44,140508.55,
"15/04/17",,,,,,,,,,,,,,,,,,,
"16/04/17",,,,,,,,,,,,,,,,,,,
"17/04/17",1291.6,1297.4,1701.26,1710.03,139880.28,140651.13,1282.5,1288.5,1691.51,1701.28,139112.78,139942.33,1287.6,1293.37,1696.59,1705.01,139428.52,140168.58,
"18/04/17",1282.3,1288.56,1699.54,1708.97,139701.46,140462.32,1279.51,1285.28,1686.38,1693.72,139479.39,140122.77,1281.03,1286.74,1693.69,1701.95,139589.11,140311.2,
"19/04/17",1286.46,1292.1,1706.62,1715.1,139576.41,140301.79,1280.2,1285.95,1701.46,1709.36,139230.1,139949.44,1283.43,1289.29,1704.18,1712.64,139354.65,140097.1,
"20/04/17",1279.18,1284.33,1702.59,1711.46,139153.13,139862.38,1275.7,1281.5,1695.48,1703.55,138868.55,139614.89,1276.68,1282.36,1699.41,1707.64,139017.32,139754.75,
"21/04/17",1279.02,1284.15,1701.05,1708.1,139745.61,140495.28,1276.6,1282.4,1693.46,1702.28,139417.49,140076.55,1277.63,1283.23,1696.41,1704.61,139533.9,140272.02,
"22/04/17",,,,,,,,,,,,,,,,,,,
"23/04/17",,,,,,,,,,,,,,,,,,,
"24/04/17",1274.61,1279.8,1687.11,1694.43,140168.86,140841.99,1268.17,1273.31,1674.82,1682.71,139625.52,140318.76,1271.18,1276.65,1681.36,1689.06,139892.49,140581.41,
"25/04/17",1274.7,1280.5,1686.33,1694.23,139988.13,140677.64,1267.13,1272.71,1679.58,1687.02,139700.17,140317.02,1271.17,1276.76,1682.21,1690.39,139842.86,140556.22,
"26/04/17",1262.51,1268.28,1684.46,1692.58,140465.73,141146.88,1259.46,1265.23,1669.93,1678.69,139863.57,140583.06,1261.08,1266.7,1677.65,1685.89,140255.38,140970.73,
"27/04/17",1265.92,1271.07,1692.63,1700.43,140782.28,141461.65,1261,1266.8,1684.03,1692.23,140349.3,141045.51,1263.6,1269.25,1688.71,1696.97,140528.75,141240.8,
"28/04/17",1264.51,1269.63,1690.52,1698.11,140664.09,141297.12,1261.11,1266.88,1687.33,1695.73,140128.53,140889.08,1262.35,1268.15,1688.89,1697.4,140330.21,141056.51,
"29/04/17",,,,,,,,,,,,,,,,,,,
"30/04/17",,,,,,,,,,,,,,,,,,,
"01/05/17",1267.76,1273.28,1693.73,1702.02,141050.98,141741.53,1259.41,1265.04,1678.45,1686.85,140670.02,141405.49,1261.86,1267.38,1685.21,1693.27,140813.72,141522.85,
"02/05/17",1254.59,1259.69,1665.68,1672.96,140602.65,141223.9,1251.97,1257.85,1660.98,1668.67,140181.93,140846.82,1253.84,1259.07,1663.27,1670.76,140332.82,140996.03,
"03/05/17",1253.99,1259.5,1671.49,1679.32,140481.14,141195.98,1251.33,1256.46,1661.85,1669.98,140257.19,140956.29,1252.97,1258.46,1667.54,1675.54,140371.06,141077.61,
"04/05/17",1237.99,1244.03,1669.41,1678.63,139682.41,140399.1,1232.71,1238.21,1662.86,1670.93,138932.25,139583.41,1235.73,1241.29,1666.39,1674.55,139332.13,140049.06,
"05/05/17",1231.2,1236.95,1668.56,1676.88,138208.69,138921.85,1225.2,1231,1653,1661.27,137629.97,138240.37,1227.83,1233.45,1660.56,1668.9,137969.91,138689.21,
"06/05/17",,,,,,,,,,,,,,,,,,,
"07/05/17",,,,,,,,,,,,,,,,,,,
"08/05/17",1231.8,1237.6,1661.26,1670.32,138762.27,139465.14,1226.63,1232.47,1654.25,1663,138211.5,138871.06,1228.49,1234.05,1658.25,1666.55,138394.35,139121.08,
"09/05/17",1226,1231.13,1668.32,1677.41,139116.33,139818.85,1222.23,1227.36,1656.4,1665.03,138597.34,139324.5,1224.58,1230.04,1662.74,1670.84,138756.89,139462.64,
"10/05/17",1221.06,1226.83,1662.44,1670.8,139027.3,139683.5,1218.96,1224.22,1655.13,1663.42,138668.52,139415.24,1219.86,1225.45,1657.62,1665.68,138795.82,139513.79,
"11/05/17",1219.66,1224.78,1657.46,1665.66,139187.6,139903.19,1215.22,1220.38,1651.11,1659.25,138872.91,139544.24,1217.56,1222.9,1655.05,1662.96,139024.37,139717.16,
"12/05/17",1226.03,1232.53,1659.86,1668.36,139309.89,140077.03,1221.86,1227.47,1655.58,1664.14,139040.9,139737.06,1223.85,1229.48,1657.8,1666.16,139142.11,139877.27,
"13/05/17",,,,,,,,,,,,,,,,,,,
"14/05/17",,,,,,,,,,,,,,,,,,,
"15/05/17",1230.01,1235.15,1661.4,1669.28,139569.17,140311,1225.46,1231.23,1653.68,1660.82,138859.77,139633.79,1227.74,1233.31,1657.87,1666.2,139201.37,139928.45,
"16/05/17",1232.85,1237.99,1662.32,1670.87,139855.78,140586.69,1228.55,1233.66,1653.05,1660.82,139589.2,140264.27,1230.81,1236.28,1658.71,1667.02,139661.79,140399.58,
"17/05/17",1241.31,1246.44,1678.59,1686.18,139753.54,140481.93,1235.51,1240.64,1662.64,1669.77,139351.03,139993.82,1240.26,1245.58,1671.97,1679.77,139549.34,140233.45,
"18/05/17",1259.1,1264.6,1693.59,1700.97,139737.84,140436.38,1252.4,1258.2,1681.53,1689.54,139203.42,139975.04,1256.78,1262.32,1687.44,1695.41,139540.55,140232.56,
"19/05/17",1249.11,1254.88,1681.87,1689.71,139096.06,139751.02,1243.9,1249.8,1674.68,1682.01,138607.78,139330.81,1247.09,1252.68,1678.51,1686.82,138785.89,139513.76,
"20/05/17",,,,,,,,,,,,,,,,,,,
"21/05/17",,,,,,,,,,,,,,,,,,,
"22/05/17",1254.47,1259.9,1684.3,1691.65,139547.24,140290.73,1249.47,1255.27,1677.31,1686.74,139183.36,139944.36,1251.76,1257.33,1680.33,1688.68,139389.04,140115.87,
"23/05/17",1260.66,1265.8,1686.95,1694.97,139930.45,140736.4,1257.11,1262.88,1677.49,1685.64,139677.04,140484.71,1259.03,1264.71,1681.27,1689.66,139833.1,140581.15,
"24/05/17",1250.4,1256.2,1677.43,1686.39,139748.47,140459.99,1246.3,1251.42,1670.32,1678.8,139411.12,140171.55,1248.81,1254.31,1673.48,1681.76,139643.5,140363.12,
"25/05/17",1256.58,1262.35,1679.78,1687.79,140339.79,141108.65,1254.26,1259.38,1669.51,1677.45,139840.51,140614.56,1255.2,1260.73,1673.94,1682.03,140094.79,140808.94,
"26/05/17",1260.52,1266.52,1694.7,1703,140268.05,140876.98,1251.3,1257.1,1678.47,1686.7,139754.11,140488.55,1255.33,1260.81,1687.1,1695.1,139977.06,140666.11,
"27/05/17",,,,,,,,,,,,,,,,,,,
"28/05/17",,,,,,,,,,,,,,,,,,,
"29/05/17",1265.1,1270.9,1701.43,1709.73,140846.3,141673.46,1262.91,1268.52,1697.88,1705.36,140524,141276.21,1264.04,1269.76,1699.07,1707.37,140683.13,141412.27,
"30/05/17",1267.74,1272.89,1707.64,1715.04,140558.07,141298.89,1260.93,1266.63,1691.39,1700.17,139862.36,140722.59,1264.83,1270.57,1701.36,1709.87,140298.45,141039.13,
"31/05/17",1260.9,1266.65,1692.48,1700.66,139794.69,140431.61,1256.65,1262.83,1683.98,1692.65,139495.69,140212.01,1258.73,1264.37,1687.97,1696.17,139620.81,140330.16,
"01/06/17",1266.91,1272.5,1713.15,1721.46,140464.36,141285.68,1264.22,1269.33,1702.56,1710.63,140238.15,140954.06,1265.53,1270.78,1707.37,1715.28,140359.67,141073,
"02/06/17",1263.01,1268.78,1710.7,1719.68,140713.87,141401.4,1256.1,1262,1700.65,1709.8,140180.76,140952.78,1259.31,1264.82,1704.88,1713.03,140453.41,141172.3,
"03/06/17",,,,,,,,,,,,,,,,,,,
"04/06/17",,,,,,,,,,,,,,,,,,,
"05/06/17",1278.95,1284.02,1720.53,1728.36,141311.78,141982.76,1276.9,1282.39,1709.68,1717.41,140995.3,141764,1277.75,1283.09,1714.3,1722.24,141192.83,141876.02,
"06/06/17",1286.83,1291.93,1719.97,1727.97,141068.48,141782.12,1277.21,1282.98,1705.68,1713.93,140589.72,141402.89,1282.14,1287.69,1713.87,1722.17,140841.06,141545.97,
"07/06/17",1291.68,1296.82,1720.11,1727.41,141290.1,142038.33,1288.73,1293.87,1707.45,1715.13,140800.28,141488.4,1289.85,1295.23,1711.03,1718.87,141084.33,141757.91,
"08/06/17",1286.24,1291.38,1704.37,1712.98,141053.14,141774.52,1281.53,1286.7,1698.65,1705.7,140664.6,141352.28,1283.33,1288.87,1700.79,1708.86,140878.33,141573.66,
"09/06/17",1277.33,1282.45,1696.55,1703.8,140340.25,141069.33,1269.8,1275.15,1683.94,1691.85,140051.32,140695.02,1272.51,1277.88,1688.24,1696.15,140192.81,140875.55,
"10/06/17",,,,,,,,,,,,,,,,,,,
"11/06/17",,,,,,,,,,,,,,,,,,,
"12/06/17",1267.61,1272.72,1681.53,1689.35,139594.75,140222.39,1264.14,1269.25,1677.91,1685.66,139278.02,139939.72,1265.18,1270.43,1679.82,1687.67,139415.4,140097.28,
"13/06/17",1264.03,1269.6,1673.54,1681.25,138980.1,139694.09,1259.5,1264.66,1668.65,1676.6,138633.17,139327.84,1262.48,1267.92,1671.17,1679.19,138847.58,139540.79,
"14/06/17",1266.75,1272.55,1680.04,1688.2,139371.16,140146.42,1263.96,1269.73,1668.32,1675.97,139060.88,139797.27,1265.56,1271.32,1676.36,1684.73,139260.29,139984.79,
"15/06/17",1262.9,1268.7,1661.35,1669.65,138338.07,139021.8,1258.47,1264.47,1653.92,1662.03,137790.21,138417.58,1260.87,1266.53,1656.94,1665.03,138107.37,138802.18,
"16/06/17",1252.22,1257.84,1650.26,1658.13,139309.48,140052.69,1249.6,1255.39,1644.43,1652.48,138758.5,139478.94,1250.99,1256.58,1647.52,1655.56,138992.35,139701.33,
"17/06/17",,,,,,,,,,,,,,,,,,,
"18/06/17",,,,,,,,,,,,,,,,,,,
"19/06/17",1252.48,1257.66,1643.24,1651.85,138900.03,139620.23,1246.92,1253.42,1638.27,1646.09,138491.64,139250.82,1249.77,1255.41,1640.69,1648.75,138709.64,139428.26,
"20/06/17",1244.56,1249.68,1637.43,1646.12,138848.09,139535.23,1240.86,1246.58,1632.64,1640.43,138528.94,139218.05,1242.7,1248.13,1634.61,1642.62,138702.63,139410.81,
"21/06/17",1244.25,1249.79,1645.67,1654.04,138437.74,139122.53,1242.2,1247.48,1638.31,1646.19,138033.35,138789.93,1243.08,1248.5,1642.65,1650.64,138265.36,138985.26,
"22/06/17",1250.91,1256.68,1657.25,1664.54,138906.67,139637.18,1245.89,1251.06,1649.09,1656.81,138692.47,139355.57,1249.17,1254.52,1654,1661.71,138796.14,139469.05,
"23/06/17",1254.2,1260.01,1656.59,1665.29,139479.58,140176.11,1247.86,1253.63,1652.22,1660,138909.47,139678.85,1249.99,1255.41,1654.2,1662.16,139085.83,139790.03,
"24/06/17",,,,,,,,,,,,,,,,,,,
"25/06/17",,,,,,,,,,,,,,,,,,,
"26/06/17",1254.67,1259.78,1657.21,1664.83,139531.85,140200.92,1239.16,1244.25,1636.12,1643.88,138315.04,138945.4,1249.47,1255.04,1648.71,1656.87,139139.87,139855.53,
"27/06/17",1248.96,1254.73,1640.77,1647.88,139303.17,140065.51,1239.65,1245.2,1634.34,1641.97,138728.87,139359.97,1243.4,1248.68,1636.71,1644.33,138976.3,139657.26,
"28/06/17",1250.88,1256.03,1645.25,1653.11,140335.77,140979.52,1245.41,1251.18,1638.8,1647.46,139747.46,140425.26,1248.45,1254,1642.5,1650.55,139994.75,140707.94,
"29/06/17",1250.24,1255.39,1633.91,1640.88,140251.92,140912.37,1242.71,1247.86,1620.43,1627.57,139842.16,140471.6,1247.85,1253.17,1629.63,1637.12,140121.7,140781.47,
"30/06/17",1244.99,1250.17,1619.36,1626.74,139264.68,139932.02,1240.4,1246.09,1612.6,1620.25,138867.02,139595.9,1242.9,1248.19,1615.59,1623.15,139074.53,139756.34,
"01/07/17",,,,,,,,,,,,,,,,,,,
"02/07/17",,,,,,,,,,,,,,,,,,,
"03/07/17",1239.01,1244.78,1611.41,1619.33,139163.15,139815.29,1232.9,1238.18,1606.88,1614.91,138752.26,139398.36,1235.14,1240.53,1608.79,1616.5,138894.56,139589.87,
"04/07/17",1222.64,1228.6,1608.54,1616.65,138338.27,139078.09,1219.1,1224.26,1589.01,1597.17,137931.11,138619.99,1221.07,1226.54,1598.62,1606.48,138116.88,138816.39,
"05/07/17",1225.74,1231.18,1608.58,1616.57,138485.87,139229.1,1219.71,1224.84,1602.11,1609.94,138186.03,138843.02,1223.39,1228.75,1605.99,1613.68,138346.08,139039.59,
"06/07/17",1224.86,1230.33,1611.9,1619.92,138494.92,139281.16,1221.7,1227.28,1605.6,1614,138155.86,138817.64,1223.17,1228.69,1609.2,1617.14,138316.84,139038.33,
"07/07/17",1222.26,1228.06,1611.42,1620.13,138726.09,139362.03,1216.97,1222.14,1605,1612.38,137945.16,138701.29,1219.15,1224.56,1607,1614.77,138363.17,139067.26,
"08/07/17",,,,,,,,,,,,,,,,,,,
"09/07/17",,,,,,,,,,,,,,,,,,,
"10/07/17",1210.97,1216.12,1592.01,1599.74,138107.57,138731.8,1203.9,1209.34,1583.42,1591.45,137446.25,138155,1207.39,1212.72,1587.45,1595.06,137801.26,138478.73,
"11/07/17",1211.81,1217.58,1592.6,1601.24,138218.28,138938.05,1207.11,1212.6,1584.76,1592.38,137936.46,138644.31,1209.14,1214.58,1588,1595.82,138071.77,138776.75,
"12/07/17",1217.7,1222.88,1590.73,1598.68,138302.7,138999.96,1214.46,1220.23,1588.12,1595.64,137806.11,138549.45,1216.08,1221.59,1589.47,1597.34,138050.33,138763.2,
"13/07/17",1221.04,1226.3,1587.55,1595.11,137995.33,138761.69,1216.2,1222,1576.94,1585.25,137746.81,138479.55,1219.38,1224.88,1583.6,1591.56,137871.12,138581.33,
"14/07/17",1216.5,1221.64,1570.54,1579.22,137817.11,138497.49,1213.11,1218.6,1566.82,1574.57,137606.76,138234.08,1214.59,1219.88,1568.39,1576.07,137677.03,138366.05,
"15/07/17",,,,,,,,,,,,,,,,,,,
"16/07/17",,,,,,,,,,,,,,,,,,,
"17/07/17",1228.59,1234.08,1572.31,1580.74,138363.81,139080.64,1227.51,1232.76,1568.86,1577.29,138009.3,138773.32,1228.04,1233.52,1571.07,1579.14,138214.79,138943.24,
"18/07/17",1235.34,1240.6,1581.78,1589.6,138660.28,139371.74,1230.4,1235.88,1557.42,1564.35,138335.79,139008.19,1233.97,1239.48,1567.15,1574.63,138466.72,139145.5,
"19/07/17",1240.19,1245.32,1566.97,1573.7,138960.08,139576.83,1235.22,1240.28,1557.66,1565.16,138457.84,139109.8,1237.88,1243.47,1561.8,1569.42,138685.44,139386.67,
"20/07/17",1239.1,1244.25,1561.26,1568.95,138690.5,139499.73,1234.8,1240.34,1549.92,1557.35,138348.03,139030.41,1236.6,1242.05,1556.71,1564.08,138497.35,139175.32,
"21/07/17",1245.44,1250.6,1576.6,1584.39,139155.72,139842.09,1241,1246.58,1561.14,1568.62,138867.48,139517.23,1242.85,1248.23,1570.18,1577.51,139037.09,139710.96,
"22/07/17",,,,,,,,,,,,,,,,,,,
"23/07/17",,,,,,,,,,,,,,,,,,,
"24/07/17",1253.31,1259.08,1582.59,1590.88,139017.48,139711.23,1249.97,1255.12,1573.72,1580.43,138669.85,139281.54,1251.7,1257.29,1578.34,1585.99,138841.81,139530.53,
"25/07/17",1254.01,1259.78,1580.5,1589,139240.72,139881.21,1249.71,1255.92,1575.78,1584.36,139030.24,139721.63,1251.87,1257.51,1578.67,1586.38,139105.84,139802.94,
"26/07/17",1246.61,1252.38,1577,1583.96,139766.75,140448.15,1242.79,1247.92,1568.38,1575.51,138940.44,139606.87,1244.49,1249.85,1573.5,1580.81,139252.92,139929.17,
"27/07/17",1261.45,1266.91,1573.75,1580.57,140055.67,140740.27,1257.93,1263.03,1564.7,1572.06,139728.51,140423.68,1260.01,1265.39,1568.52,1575.93,139863.67,140566.26,
"28/07/17",1257.75,1263.2,1578.01,1585.33,139750.93,140482.12,1255.62,1260.76,1573.95,1581.33,139375.39,140083.04,1256.67,1262.05,1576.41,1583.74,139562.53,140250.47,
"29/07/17",,,,,,,,,,,,,,,,,,,
"30/07/17",,,,,,,,,,,,,,,,,,,
"31/07/17",1267.4,1273.2,1590.61,1598.09,140036.65,140739.53,1264.24,1269.34,1584.26,1591.65,139749.09,140414.39,1265.88,1271.3,1586.5,1593.95,139856.39,140540.55,
"01/08/17",1267.73,1272.86,1583.95,1590.69,139722.96,140352.41,1265.01,1270.21,1574.37,1582.33,139472.39,140134.31,1266.41,1271.91,1579.77,1587.17,139600.18,140272.32,
"02/08/17",1266.01,1271.78,1590.41,1599.32,139972.87,140665.54,1262.5,1267.8,1585,1593.14,139600.45,140306.78,1264.04,1269.61,1587.7,1595.52,139777.21,140485.13,
"03/08/17",1262.06,1267.83,1590.14,1598.21,139722.66,140412.17,1258.6,1264.35,1583.91,1591.53,139238.92,139903.33,1260.03,1265.69,1588.12,1595.67,139435.51,140113.11,
"04/08/17",1267.11,1272.5,1592.63,1600.49,139496.14,140101.88,1265.04,1270.4,1587.54,1594.49,139115.14,139838.03,1266.13,1271.62,1589.53,1597.25,139307.91,139998.41,
"05/08/17",,,,,,,,,,,,,,,,,,,
"06/08/17",,,,,,,,,,,,,,,,,,,
"07/08/17",1256.04,1261.85,1585.9,1593.39,139023,139850.84,1254.56,1260.19,1579.69,1588.15,138891.92,139563.67,1255.23,1260.84,1581.81,1589.71,138954.59,139669.38,
"08/08/17",1258.3,1263.61,1588.4,1596.13,139101.21,139771.51,1254.92,1260.09,1584.95,1592.66,138944.74,139617.97,1257.06,1262.55,1586.61,1594.36,139021.81,139716.27,
"09/08/17",1265.6,1271.84,1607.72,1615.64,139036.72,139717.44,1259.01,1264.78,1591.65,1599.34,138504.49,139255.65,1262.7,1268.49,1602.31,1610.29,138724.17,139445.01,
"10/08/17",1276.58,1281.88,1620.35,1628,140339.76,141024.99,1272.8,1278.33,1610.63,1619.71,140020.94,140739.37,1274.55,1280.21,1616.14,1624.07,140158.43,140872.4,
"11/08/17",1285.41,1291.18,1635.8,1643.98,140136.26,140777.36,1282.56,1287.98,1631.32,1638.43,139778.98,140473.04,1283.77,1289.22,1633.54,1641.08,139968.89,140633.03,
"12/08/17",,,,,,,,,,,,,,,,,,,
"13/08/17",,,,,,,,,,,,,,,,,,,
"14/08/17",1286.86,1291.98,1627.49,1634.66,140718.14,141478.5,1278.4,1283.55,1620.56,1629.12,140214.91,140831.11,1283.7,1289.25,1625.12,1632.9,140506.22,141215.96,
"15/08/17",1278,1283.8,1626.37,1634.79,140463.28,141166.2,1271.41,1276.56,1617.29,1624.86,140186.19,140879.24,1273.65,1279.07,1620.95,1628.54,140301.88,140992.17,
"16/08/17",1270.97,1276.13,1623.43,1630.38,140658.25,141298.7,1267.61,1272.91,1612.77,1619.45,140420.45,141016.79,1269.61,1274.79,1619.99,1627.04,140538.69,141167.18,
"17/08/17",1286.56,1292.36,1619.74,1627.86,141341.82,141985.51,1280.62,1285.84,1614.5,1621.28,140842.59,141455.26,1284.26,1289.59,1617.44,1625,141097.15,141795.96,
"18/08/17",1292.9,1298.03,1633.49,1640.9,140796.81,141498.25,1284.31,1290.08,1625.91,1634.05,140369.86,141050.53,1287.04,1292.68,1629.14,1637,140576.38,141277.2,
"19/08/17",,,,,,,,,,,,,,,,,,,
"20/08/17",,,,,,,,,,,,,,,,,,,
"21/08/17",1285.8,1291.31,1623.67,1631.72,140186.87,140829.14,1280.3,1286.07,1615.32,1622.45,139949.59,140598.64,1283.71,1289.02,1619.96,1627.31,140086.44,140752.49,
"22/08/17",1288.5,1294.3,1622.8,1630.51,140505.58,141321.4,1282.1,1287.64,1614.6,1622.1,140178.34,140803.43,1285.34,1291.07,1619.44,1627.21,140373.78,141079.88,
"23/08/17",1283.89,1289.41,1627.24,1634.23,140543.95,141317.9,1280.45,1286.26,1617.96,1626.28,140337.52,140996.18,1282.48,1288,1624.2,1631.66,140432.28,141115.86,
"24/08/17",1287.86,1293.63,1630.68,1638.06,140389,141171.17,1283.51,1288.64,1626.09,1633.12,140213.3,140949.2,1285.88,1291.29,1627.84,1635.35,140320.19,141016.23,
"25/08/17",1285.23,1290.33,1626.11,1634.94,140874.06,141555.28,1282.6,1288.4,1622.12,1629.82,140567.94,141207.81,1283.82,1289.44,1624.32,1632.23,140680.98,141415.48,
"26/08/17",,,,,,,,,,,,,,,,,,,
"27/08/17",,,,,,,,,,,,,,,,,,,
"28/08/17",1295.42,1300.58,1631.92,1638.84,141277.99,141946.9,1288.53,1293.78,1623.86,1630.88,140805.01,141448.97,1291.86,1297.59,1626.75,1634.36,140989.09,141667.73,
"29/08/17",1322.06,1327.12,1663.16,1670.13,143364.19,144022.54,1312.3,1318.1,1652.98,1660.91,142870.1,143556.02,1315.81,1321.33,1658.47,1666.01,143047.96,143720.27,
"30/08/17",1310.71,1316.11,1644.51,1652.85,143807.55,144484.74,1305.01,1310.78,1637.77,1644.59,143341.91,143989.59,1308.3,1313.72,1640.34,1647.55,143634.93,144293.78,
"31/08/17",1305.99,1311.14,1651.56,1659.34,144120.27,144888.72,1298.75,1305.25,1642.32,1651.17,143485.9,144288.28,1302.33,1307.9,1647.66,1655.37,143857.35,144557.79,
"01/09/17",1319.07,1324.2,1660.46,1667.76,145203.23,145860.63,1315.31,1321.11,1655.88,1663.17,144800.66,145519.17,1316.86,1322.47,1658.29,1665.96,144938.48,145638.79,
"02/09/17",,,,,,,,,,,,,,,,,,,
"03/09/17",,,,,,,,,,,,,,,,,,,
"04/09/17",1335.26,1340.68,1679.36,1686.72,146378.3,147068.53,1330.41,1336.18,1670.11,1677.93,145942.12,146615.15,1332.49,1338.14,1673.57,1681.35,146118.8,146817.66,
"05/09/17",1334.78,1339.92,1678.47,1685.35,145976.83,146711.83,1327.9,1333.7,1666.83,1674.28,145312.1,146000.14,1332.15,1337.71,1672.68,1680.24,145726.86,146407.86,
"06/09/17",1339.15,1344.7,1673.91,1680.75,145404.54,146088.21,1334.51,1340.28,1668.87,1676.53,145035.49,145719.23,1336.58,1342.09,1671.6,1678.91,145234.21,145888.22,
"07/09/17",1336.31,1341.44,1669.68,1677.12,145550.89,146163.3,1330.5,1336.29,1661.26,1668.9,145191.58,145890.7,1332.55,1338.11,1665.92,1673.32,145316.17,145983.73,
"08/09/17",1352.65,1358,1671.72,1679.46,146011.74,146662.71,1344.9,1350.7,1665,1671.84,145220.48,145805.95,1348.9,1354.46,1668.64,1675.99,145737.69,146396.31,
"09/09/17",,,,,,,,,,,,,,,,,,,
"10/09/17",,,,,,,,,,,,,,,,,,,
"11/09/17",1336.19,1341.32,1659.66,1666.8,144802.91,145429.97,1333.01,1338.78,1656.69,1664.1,144494.62,145176.15,1334.76,1340.28,1658.54,1665.73,144669.06,145314.59,
"12/09/17",1325.95,1331.76,1653.27,1659.94,145215.52,145888.48,1321.72,1326.85,1646.59,1653.34,144543.3,145157.39,1323.46,1328.9,1649.92,1657.08,144816.59,145470.15,
"13/09/17",1330.2,1335.48,1657.24,1664.85,146454.63,147143.82,1326.74,1332.74,1653.46,1660.32,146126.28,146761.33,1328.68,1334.24,1654.93,1662.33,146251.74,146925.64,
"14/09/17",1321.7,1326.87,1653.55,1661.22,145889.25,146566.1,1317.02,1322.14,1643.87,1651.52,145603.8,146247.74,1318.82,1324.18,1648.97,1656.14,145737.65,146392.42,
"15/09/17",1331,1336.8,1663.16,1670.79,146828.09,147523.33,1323.1,1329.6,1651.18,1658.58,146263.59,146916.1,1327.28,1332.98,1659.3,1666.87,146456.35,147141.38,
"16/09/17",,,,,,,,,,,,,,,,,,,
"17/09/17",,,,,,,,,,,,,,,,,,,
"18/09/17",1316.45,1321.58,1643.3,1650.76,146352.73,146972.91,1311.23,1316.32,1636.61,1644.05,146025.73,146651.98,1314.27,1319.8,1639.42,1646.85,146165.55,146852.93,
"19/09/17",1306.29,1311.83,1638.8,1646.34,145876.64,146570.77,1304.1,1309.9,1634.31,1641.67,145394,146093.15,1305.14,1310.78,1636.43,1643.93,145589.01,146276.72,
"20/09/17",1311.31,1317.08,1633.91,1641.53,146056.54,146749.05,1307.21,1312.98,1629.02,1636.41,145806.2,146489.18,1309.35,1314.96,1632.28,1639.81,145930.02,146626.42,
"21/09/17",1298.75,1303.89,1626.3,1633.76,145926.53,146530.77,1291.31,1297.08,1616.65,1623.46,145339.78,146026.75,1295.55,1300.98,1621.19,1628.32,145685.52,146340.99,
"22/09/17",1295.21,1300.98,1634.28,1641.82,145032.75,145675.72,1288.98,1294.12,1626.06,1633.17,144575.61,145285.49,1293.04,1298.37,1630.13,1637.31,144860.04,145516.72,
"23/09/17",,,,,,,,,,,,,,,,,,,
"24/09/17",,,,,,,,,,,,,,,,,,,
"25/09/17",1290.96,1296.48,1622.83,1630.31,144977.96,145685.25,1288.8,1294.44,1617.67,1625.22,144616.25,145283.97,1289.88,1295.48,1620.01,1627.56,144803.59,145496.53,
"26/09/17",1310.4,1316.2,1649.13,1657.06,146125.77,146808.95,1302.66,1307.75,1644.24,1651.41,145533.18,146154.14,1307.12,1312.54,1646.97,1654.29,145885.48,146550.47,
"27/09/17",1292.86,1298.09,1643.34,1651.06,145351.94,146030.44,1286.51,1291.62,1637.69,1645.2,144998.39,145701.5,1290.72,1296.28,1640.32,1647.87,145162.22,145846.11,
"28/09/17",1281.46,1286.6,1636.77,1643.29,144592.45,145221.7,1276.54,1281.68,1631.14,1638.31,144243.28,144871.79,1279.07,1284.44,1633.55,1640.89,144414.74,145082.21,
"29/09/17",1285.41,1291.18,1638.95,1646.52,144620.3,145301.22,1281.61,1287.28,1632.83,1641.69,144282.82,144981.51,1283.33,1288.95,1635.73,1643.56,144422.37,145134.83,
"30/09/17",,,,,,,,,,,,,,,,,,,
"01/10/17",,,,,,,,,,,,,,,,,,,
"02/10/17",1275.2,1281,1628.32,1635.7,143661.37,144355.89,1270.07,1275.17,1623.42,1630.4,143411.86,144043.2,1272.52,1277.8,1625.98,1633.23,143536.6,144197.59,
"03/10/17",1269.25,1274.7,1625.45,1633.27,143387.17,144053.24,1266.13,1271.26,1619.53,1627.11,142992.34,143696.93,1267.45,1273,1622.56,1630,143238.08,143910.86,
"04/10/17",1273.8,1279.55,1620.86,1628.85,143366.19,144107.24,1269.56,1275.33,1618.12,1625.69,143189.65,143821.22,1272.44,1278.08,1619.5,1627.22,143280.53,143979.96,
"05/10/17",1275.65,1281.45,1628.56,1636.38,143612.68,144316.9,1270.81,1276.34,1616.57,1624.32,143328.93,143958.39,1272.28,1277.72,1623.8,1631.2,143421.17,144091.64,
"06/10/17",1266.64,1272.23,1631.82,1640.63,142991.1,143723.01,1264.9,1270.64,1624.55,1631.9,142751.39,143465.9,1265.77,1271.4,1627.8,1635.47,142874.22,143563.87,
"07/10/17",,,,,,,,,,,,,,,,,,,
"08/10/17",,,,,,,,,,,,,,,,,,,
"09/10/17",1282.16,1287.27,1650.14,1657.78,144307.11,144985.22,1273.96,1279.28,1637.69,1645,143347.13,144018.27,1278.06,1283.41,1645.07,1652.51,143890.89,144556.47,
"10/10/17",1286.47,1291.61,1653.14,1660.17,144681.8,145366.21,1280.56,1285.69,1647.7,1654.73,144242.28,144935.83,1283.49,1288.74,1650.07,1657.31,144532.92,145185.55,
"11/10/17",1287.7,1293.45,1653.65,1661.46,144610.08,145336.01,1285,1290.1,1650.65,1658.21,144438.89,145093.82,1286.32,1291.62,1652.02,1659.37,144519.47,145180.68,
"12/10/17",1293.91,1299.68,1654.15,1661.98,145221.19,145928.07,1289.41,1295.18,1651.28,1658.08,144952.81,145592.25,1291.8,1297.11,1652.78,1660.14,145093.8,145754.77,
"13/10/17",1294.16,1299.29,1651.77,1658.95,145075,145717.51,1291.2,1296.53,1647.15,1654.98,144666.05,145368.88,1292.6,1298.03,1649.87,1657.29,144916.34,145586.32,
"14/10/17",,,,,,,,,,,,,,,,,,,
"15/10/17",,,,,,,,,,,,,,,,,,,
"16/10/17",1302.39,1308.89,1651.94,1660.61,145620.63,146273.43,1299.15,1304.47,1649.09,1656.97,145335.91,146082.05,1300.22,1306.03,1650.44,1658.26,145477.42,146188.59,
"17/10/17",1293.33,1298.37,1647.13,1654.4,145034.03,145690.1,1286.4,1292,1637.74,1644.84,144314.72,144975.32,1289.96,1295.37,1643.53,1650.96,144629.68,145304.49,
"18/10/17",1284.9,1290.7,1636.4,1644.2,144140.08,144842.35,1278.78,1283.91,1632.67,1639.56,143868.39,144506.42,1282.71,1288,1635.04,1642.14,144026.66,144669.55,
"19/10/17",1283.01,1288.44,1630.64,1638.16,144531.08,145194.3,1275.16,1280.28,1622.56,1629.55,144016.57,144684.07,1277.86,1283.12,1626.07,1633.25,144273.05,144932.5,
"20/10/17",1287.88,1293.01,1634.57,1642.13,145053.92,145735.16,1278.11,1283.68,1627.96,1635.52,144835.43,145527.8,1282.3,1287.67,1632.59,1639.85,144952.69,145615.07,
"21/10/17",,,,,,,,,,,,,,,,,,,
"22/10/17",,,,,,,,,,,,,,,,,,,
"23/10/17",1274.37,1279.49,1629.95,1637.59,145047.72,145688.15,1272.46,1277.63,1626.72,1633.46,144768.05,145417.67,1273.27,1278.71,1628.21,1635.56,144853.92,145525.84,
"24/10/17",1280.2,1286,1640.96,1647.96,145149.23,145836.72,1275.37,1280.48,1635.17,1643.25,144876.71,145602.6,1278.79,1284.32,1637.54,1645.15,145036.29,145727.99,
"25/10/17",1274.18,1279.32,1647.56,1654.96,145192.81,145829.69,1269.31,1274.42,1637.23,1644.87,144574.91,145272.91,1271.74,1277.14,1644.91,1652.31,144813.3,145482.05,
"26/10/17",1279.5,1285,1659.47,1666.45,145128.24,145864.27,1274.64,1279.77,1655.17,1662.42,144876.61,145570.57,1277.19,1282.59,1657.23,1664.71,144993.52,145663.7,
"27/10/17",1265.59,1270.72,1657.62,1664.77,144404.32,145026.01,1263,1268.8,1650.65,1657.57,144092.16,144838.63,1264.52,1269.96,1653.97,1661.53,144276.77,144953.05,
"28/10/17",,,,,,,,,,,,,,,,,,,
"29/10/17",,,,,,,,,,,,,,,,,,,
"30/10/17",1270.19,1275.32,1656.91,1664.04,144382.5,145016.64,1266.05,1271.88,1650.15,1658.31,143911.9,144652.98,1268.19,1273.72,1652.41,1660.19,144101.93,144799.92,
"31/10/17",1274.7,1279.81,1659.79,1667.56,144115.18,144810.64,1272.4,1278.08,1655.88,1663.17,143909.84,144630.93,1273.42,1278.93,1657.85,1665.51,144025.9,144719.53,
"01/11/17",1273.21,1278.98,1660.53,1667.66,145072.41,145771.8,1265.76,1271.53,1653.23,1660.37,143960.29,144669.63,1268.71,1274.12,1655.45,1662.96,144416.21,145086.16,
"02/11/17",1277.96,1283.1,1658.19,1665.92,145508.53,146145.09,1272.66,1277.91,1651.94,1659.64,145265.29,145907.66,1275.49,1280.79,1655.1,1662.35,145360.92,146013.66,
"03/11/17",1275.31,1281.11,1658.68,1666.85,145377.36,146076.27,1272.54,1277.57,1652.91,1660.03,145117.81,145766.63,1273.91,1279.5,1657.02,1664.69,145225.08,145917.43,
"04/11/17",,,,,,,,,,,,,,,,,,,
"05/11/17",,,,,,,,,,,,,,,,,,,
"06/11/17",1269.19,1274.3,1657.99,1665.1,145024.88,145677.23,1265.24,1270.68,1654.01,1661.82,144720.63,145360.27,1267.03,1272.3,1655.71,1663.1,144797.96,145458.78,
"07/11/17",1279.16,1284.36,1664.42,1671.47,145699.5,146324.46,1273.86,1279.63,1659.66,1667.59,145302.85,145959.57,1276.64,1282.14,1661.88,1669.58,145446.8,146135.07,
"08/11/17",1276.58,1282.01,1667.59,1675.39,145212.61,145892.74,1273.76,1279.53,1663.97,1671.65,144916.13,145624.17,1275.17,1280.51,1665.71,1673.17,145073.77,145740.02,
"09/11/17",1281.8,1286.91,1668.65,1675.73,145786.46,146439.36,1278.36,1283.43,1663.04,1670.19,145384.88,146083.96,1279.76,1285.05,1666.25,1673.63,145637.81,146299.97,
"10/11/17",1284.01,1289.81,1670.42,1678.25,145509.62,146199.96,1280.52,1285.88,1667.44,1675.73,145361.17,146032.71,1282.39,1287.88,1669.23,1676.92,145439.48,146124.62,
"11/11/17",,,,,,,,,,,,,,,,,,,
"12/11/17",,,,,,,,,,,,,,,,,,,
"13/11/17",1274.77,1279.88,1665.72,1673.04,144769.88,145389.61,1272.7,1278.2,1661.19,1669.41,144472.73,145163.81,1273.7,1279.06,1663.79,1671.21,144638.21,145316.4,
"14/11/17",1275.11,1280.88,1674.47,1682.27,144882.16,145592.55,1269.96,1275.73,1667.49,1675.29,144572.25,145267.38,1273.67,1279.29,1669.97,1677.69,144751.67,145438.5,
"15/11/17",1284.35,1289.48,1691.27,1698.47,145008.6,145664.77,1277.51,1282.71,1674.33,1681.58,144569.08,145222.72,1279.33,1284.73,1684.7,1692.31,144753.54,145426.14,
"16/11/17",1276.61,1282.38,1681.52,1689.57,144190.59,144817.05,1273.67,1278.86,1676.43,1684.29,143965.7,144660.56,1275.12,1280.44,1678.78,1686.32,144080.95,144741.06,
"17/11/17",1280.73,1286.01,1695.08,1703.41,144304.29,144952.71,1275.9,1281.2,1681.91,1689.12,143933.48,144571.32,1279.14,1284.55,1687.26,1694.95,144087.36,144759.03,
"18/11/17",,,,,,,,,,,,,,,,,,,
"19/11/17",,,,,,,,,,,,,,,,,,,
"20/11/17",1290.6,1296.4,1708.73,1716.86,144676.85,145379.05,1288.01,1293.39,1703.14,1710.16,144261.58,144970.9,1289.09,1294.55,1705.13,1712.78,144420.96,145088.66,
"21/11/17",1277.66,1283.4,1695.51,1702.79,143804.4,144443.72,1274.4,1280.2,1688.39,1696.53,143459.21,144176.12,1277.14,1282.44,1693.07,1700.58,143710.94,144365.04,
"22/11/17",1282.79,1287.9,1695.24,1702.22,143727.14,144386.08,1276.65,1282.1,1685.79,1693.9,143353.77,143992.65,1279,1284.49,1688.97,1696.68,143503.96,144177.58,
"23/11/17",1288.91,1294.68,1692.37,1700.17,143378.35,144059.04,1286.26,1291.75,1688.23,1695.66,143034.82,143668.18,1287.27,1292.8,1690.28,1698.07,143175.98,143855.94,
"24/11/17",1289.98,1295.4,1692.58,1699.97,143706.97,144350.83,1287.06,1292.86,1689.06,1697.11,143291.21,143943.45,1288.68,1294.16,1690.96,1698.6,143526.63,144194.31,
"25/11/17",,,,,,,,,,,,,,,,,,,
"26/11/17",,,,,,,,,,,,,,,,,,,
"27/11/17",1289.34,1294.48,1693.67,1701.76,143447.75,144141.03,1284.29,1289.43,1687.68,1695.5,143248.31,143971.58,1286.84,1292.38,1691.41,1699.14,143373.04,144062.6,
"28/11/17",1292.71,1298.48,1699.59,1707.63,143674.72,144370.91,1290.11,1295.49,1695.22,1703.29,143415.52,144099.64,1291.15,1296.79,1697.36,1705.23,143535.84,144220.91,
"29/11/17",1293.47,1298.59,1705.25,1712.48,144163.26,144817.56,1290.86,1296,1697.91,1705.17,143955.42,144654,1292.25,1297.5,1701.83,1709.16,144094.69,144733.09,
"30/11/17",1282.14,1287.6,1694.14,1702,143682.85,144381.65,1277.39,1282.49,1687.66,1695.24,143458.7,144107.59,1280.95,1286.28,1689.81,1697.49,143552.61,144219.56,
"01/12/17",1274.11,1279.67,1684.23,1691.26,143402.42,144021.9,1271.99,1277.16,1677.79,1685.55,143067.97,143726.84,1273.01,1278.25,1682.15,1689.54,143234.44,143881.63,
"02/12/17",,,,,,,,,,,,,,,,,,,
"03/12/17",,,,,,,,,,,,,,,,,,,
"04/12/17",1272.97,1278.15,1675.49,1683.45,143568.77,144280.56,1270.18,1275.34,1672.27,1679.42,143327.35,144034.72,1271.9,1277.28,1673.6,1681.09,143450.87,144132.39,
"05/12/17",1274.06,1279.38,1675.51,1683.17,143366.73,144078.28,1272.06,1277.22,1662.39,1669.79,143183.07,143814.47,1273.16,1278.52,1667.49,1674.99,143259.23,143921.34,
"06/12/17",1266.06,1271.21,1670.26,1677.6,142191.67,142913.35,1261.77,1266.93,1660.72,1668.99,141733.64,142392.4,1263.82,1269.15,1665.82,1673.41,141905.18,142569.6,
"07/12/17",1261.14,1266.8,1670.73,1678.57,141787.72,142426.92,1254.74,1259.87,1663.15,1670.4,141195.72,141861.15,1259.17,1264.7,1668.37,1676.11,141581.28,142258.73,
"08/12/17",1246.91,1252.26,1660.11,1667.59,141409.75,142118.99,1244.39,1250.18,1656.39,1664.82,140728.07,141457.75,1245.7,1251.19,1658.3,1666.11,141178.52,141860.99,
"09/12/17",,,,,,,,,,,,,,,,,,,
"10/12/17",,,,,,,,,,,,,,,,,,,
"11/12/17",1247.1,1252.85,1659.3,1667.47,141514.05,142281.73,1244.51,1250.28,1655.68,1663.83,141388.78,142096.08,1246.07,1251.86,1656.73,1664.97,141463.81,142183.11,
"12/12/17",1242.81,1248.58,1649.97,1657.25,140943.23,141676.37,1238.9,1244.77,1641.68,1650.4,140627.54,141343.63,1241.42,1246.97,1647.37,1655.18,140844.97,141532.46,
"13/12/17",1241.57,1247.08,1643.25,1651.11,140938.34,141630.88,1239.21,1244.98,1637.47,1645.21,140432.94,141124.15,1240.65,1246.14,1639.22,1646.87,140683.05,141357.48,
"14/12/17",1256.11,1261.88,1640.59,1648.36,141488.23,142163.4,1251.24,1256.66,1631.34,1639.63,141027.26,141713.55,1253.77,1259.21,1636.63,1644.15,141247.09,141912.78,
"15/12/17",1254.59,1259.73,1633.11,1640.66,140653.84,141347.71,1249.75,1256.18,1630.4,1638.13,140409.41,141133.27,1252.04,1257.49,1631.68,1639.31,140560.5,141233.55,
"16/12/17",,,,,,,,,,,,,,,,,,,
"17/12/17",,,,,,,,,,,,,,,,,,,
"18/12/17",1254.54,1260.01,1636.7,1644.71,141361.57,142065.58,1250.8,1256.29,1634.07,1642.07,140878.36,141521.07,1252.67,1258.16,1635.59,1643.29,141107.16,141811.06,
"19/12/17",1262.07,1267.25,1644.54,1652,142033.36,142661.38,1257.71,1263.37,1641.7,1649.03,141618.15,142268.1,1259.66,1265.17,1642.96,1650.57,141791.99,142467.04,
"20/12/17",1261.7,1267.45,1647.23,1655.25,142723.5,143411.97,1258.86,1264.65,1643.42,1651.19,142074.94,142766.34,1260.77,1266.21,1645.67,1653.18,142415.17,143082.73,
"21/12/17",1265.1,1270.26,1651.89,1659.08,143474.99,144098.29,1262.51,1268.1,1646.84,1654.19,143100.5,143740.53,1263.85,1269.18,1649.04,1656.43,143281.8,143938.1,
"22/12/17",1265.5,1271.25,1640.95,1649.05,143434.22,144159.75,1262.65,1268.52,1636.62,1644.73,143020.37,143755.49,1263.87,1269.62,1638.68,1646.56,143196.58,143906.53,
"23/12/17",,,,,,,,,,,,,,,,,,,
"24/12/17",,,,,,,,,,,,,,,,,,,
"25/12/17",,,,,,,,,,,,,,,,,,,
"26/12/17",1276.31,1281.42,1653.78,1660.89,144595.73,145231.61,1271.16,1276.3,1645.73,1652.81,144022.43,144655.84,1275.14,1280.43,1651.49,1658.8,144452.12,145108.67,
"27/12/17",1283.08,1288.22,1657.18,1666.67,145231.83,145865.15,1279.06,1284.47,1651.37,1659.14,144774.2,145469.58,1280.16,1285.72,1653.5,1661.27,144912.17,145617.96,
"28/12/17",1290.48,1295.62,1654.46,1661.48,145567.19,146319.1,1284.46,1290.28,1651.17,1658.55,145250.49,145940.04,1287.24,1292.8,1652.75,1660.36,145459.76,146145.56,
"29/12/17",1293.5,1299.92,1659.35,1666.63,145836.44,146557.18,1291.31,1297.08,1656.32,1664.18,145559.57,146330.76,1292.56,1298.54,1657.46,1665.47,145722.3,146447.69,
"30/12/17",,,,,,,,,,,,,,,,,,,
"31/12/17",,,,,,,,,,,,,,,,,,,
